Instrument,Life Cycle Analysis,Roundtable for Sustainable Palm Oil(RSPO) Support,Target Sustainable Palm Oil Production,"Pollution, Waste and Resource Use Research and Development",Certified Palm Oil Percent,REIT Green Building Certified Percent,Sustainable Palm Oil Production Target Year,Sustainable Palm Oil Production-Year in which Target was set,Environmental Products,Eco-Design Products,Env R&D Expenditures To Revenues in million,Environmental R&D Expenditures,Noise Reduction,Fleet Fuel Consumption,Hybrid Vehicles,Environmental Assets Under Mgt,Equator Principles,Equator Principles or Env Project Financing,Environmental Project Financing,Nuclear,Nuclear Production,Labeled Wood Percentage,Labeled Wood,Organic Products Initiatives,Product Impact Minimization,Take-back and Recycling Initiatives,Product Environmental Responsible Use,GMO Products,Agrochemical Products,Agrochemical 5 % Revenue,Animal Testing Reduction,Renewable/Clean Energy Products,Water Technologies,Sustainable Building Products,Real Estate Sustainability Certifications,Revenue from Environmental Products,Products Recovered to Recycle,Percentage of Green Products,ESG Assets Under Management
POOL.OQ,,,,,,,,,False,False,,,False,,False,False,False,,False,False,,,False,False,,False,False,False,,False,False,False,False,False,,,,,
CHRW.OQ,,,,,,,,,False,False,,,False,,False,False,False,,False,False,,,False,True,,False,False,False,,False,False,False,False,False,,,,,
AJG.N,,,,,,,,,True,False,,,False,,False,False,False,False,False,False,,,False,False,,False,True,False,,False,False,True,False,False,,,,,
CNP.N,,,,,,,,,True,False,,,False,,False,False,False,,False,False,,,False,False,,False,True,False,,False,False,True,False,False,,,,4.98652,
AMCR.N,True,False,False,False,,,,,True,True,,,False,,False,False,False,,False,False,,,False,False,,False,True,False,,False,False,False,False,False,,,,,
WM.N,,,,,,,,,False,False,,,False,,False,False,False,,False,False,,,False,False,,False,False,False,,False,False,False,False,False,,,,,
BA.N,True,False,False,False,,,,,True,False,,,True,,False,False,False,,False,False,,,False,False,,True,True,False,,False,False,True,False,False,,,,,
FOX.OQ,False,False,False,False,,,,,False,False,,,False,,False,False,False,,False,False,,,False,False,,False,False,False,,False,False,False,False,False,,,,,
TKO.N,,,,,,,,,False,False,,,False,,False,False,False,,False,False,,,False,False,,False,False,False,,False,False,False,False,False,,,,,
WY.N,False,False,False,False,,,,,True,True,,11500000,False,,False,False,False,,False,False,,100,True,False,,False,True,False,,False,False,False,False,False,,,,,
MCD.N,False,True,False,False,,,,,False,False,,,False,,False,False,False,,False,False,,,False,False,,False,False,False,,False,False,False,False,False,,,,,
HD.N,False,False,False,False,,,,,True,True,,,False,,False,False,False,,False,False,,,True,True,True,True,True,False,,False,False,False,True,True,,,425000.0,,
SPG.N,True,False,False,False,,13.36,,,False,False,,,False,,False,False,False,,False,False,,,False,False,,False,False,False,,False,False,False,False,False,True,,,,
HBAN.OQ,,,,,,,,,True,False,,,False,,False,True,False,False,False,False,,,False,False,,False,True,False,,False,False,True,False,False,,,,,
LVS.N,False,False,False,False,,16.0,,,True,False,,,False,,True,False,False,,False,False,,,False,False,,False,True,False,,False,False,False,False,True,True,,,,
CTRA.N,,,,,,,,,False,False,,,False,,False,False,False,,False,False,,,False,False,,False,False,False,,False,False,False,False,False,,,,,
ON.OQ,,,,,,,,,True,False,,,False,,False,False,False,,False,False,,,False,False,True,True,True,False,,False,False,False,False,False,,74.79,614.81,,
AIG.N,,,,,,,,,True,False,,,False,,False,False,False,True,True,False,,,False,False,,False,True,False,,False,False,True,False,False,,,,,
AIZ.N,,,,,,,,,False,False,,,False,,False,False,False,False,False,False,,,False,False,,False,False,False,,False,False,False,False,False,,,,,
CARR.N,,,,,,,,,True,False,,,False,,False,False,False,,False,False,,,False,False,True,True,True,False,,False,False,False,False,False,,,,,
EVRG.OQ,,,,,,,,,True,False,,,False,,False,False,False,,False,True,16.0,,False,False,,False,True,False,,False,False,True,False,False,,,,,
SMCI.OQ,,,,,,,,,True,True,,,False,,False,False,False,,False,False,,,False,False,True,False,True,False,,False,False,False,False,False,,,,,
COST.OQ,True,True,True,False,100.0,,,,True,False,,,False,,False,False,False,,False,False,,,True,True,True,False,True,False,,False,False,False,False,False,,,,,
MCO.N,,,,,,,,,False,False,,,False,,False,False,False,,False,False,,,False,False,,False,False,False,,False,False,False,False,False,,,,,
DIS.N,False,False,False,False,,,,,False,False,,,False,,False,False,False,,False,False,,,False,False,,False,False,False,,False,False,False,False,False,,,,,
LULU.OQ,True,False,False,False,,,,,True,False,,,False,,False,False,False,,False,False,,,False,True,,False,True,False,,False,False,False,False,False,,,,,
PAYX.OQ,False,False,False,False,,,,,True,False,,,False,,False,False,False,,False,False,,,False,False,,False,True,False,,False,False,False,False,False,,,,,
WSM.N,,,,,,,,,True,True,,,False,,False,False,False,,False,False,,25,True,True,True,True,True,False,,False,False,False,False,False,,,,,
AMD.OQ,False,False,False,False,,,,,True,False,,,False,,False,False,False,,False,False,,,False,False,True,False,True,False,,False,False,False,False,False,,,,,
REG.OQ,,,,,,,,,False,False,,,False,,False,False,False,,False,False,,,False,False,,False,False,False,,False,False,False,False,False,True,,,,
DHI.N,False,False,False,False,,,,,True,False,,,False,,False,False,False,,False,False,,,False,False,True,False,True,False,,False,False,False,False,False,,,,,
TTD.OQ,,,,,,,,,False,False,,,False,,False,False,False,,False,False,,,False,False,False,False,False,False,,False,False,False,False,False,,,,,
TRV.N,,,,,,,,,True,False,,,False,,False,False,False,False,False,False,,,False,False,,False,True,False,,False,False,False,False,False,,,,,
MOS.N,,,,,,,,,False,False,,,False,,False,False,False,,False,False,,,False,False,,False,False,False,True,True,False,False,False,False,,,,,
WDC.OQ,,,,,,,,,True,True,,,False,,False,False,False,,False,False,,,False,False,True,True,True,False,,False,False,False,False,False,,,,,
VTR.N,,,,,,,,,True,False,,,False,,False,False,False,,False,False,,,False,False,,False,True,False,,False,False,False,False,False,True,29.1,,,
IVZ.N,,,,,,,,,True,False,,,False,,False,True,False,False,False,False,,,False,False,,False,True,False,,False,False,False,False,False,,,,,1610900000000
ZBRA.OQ,,,,,,,,,False,False,,,False,,False,False,False,,False,False,,,False,False,True,True,True,False,,False,False,False,False,False,,,,,
AMAT.OQ,False,False,False,False,,,,,True,True,,,False,,False,False,False,,False,False,,,False,False,True,True,True,False,,False,False,True,False,False,,,,,
STX.OQ,,,,,,,,,True,True,,,False,,False,False,False,,False,False,,,False,False,True,True,True,False,,False,False,False,False,False,,,,,
FDS.N,,,,,,,,,False,False,,,False,,False,False,False,,False,False,,,False,False,,False,False,False,,False,False,False,False,False,,,,,
KVUE.N,,,,,,,,,,,,,,,,,,,,,,,,,,,,,,,,,,,,,,,
SYK.N,True,False,False,False,,,,,True,False,,,False,,False,False,False,,False,False,,,False,False,,False,True,False,,False,False,False,False,False,,,,,
DELL.N,,,,,,,,,True,True,,,False,,False,False,False,,False,False,,,False,False,True,True,True,False,,False,False,False,False,False,,,,,
VRSN.OQ,,,,,,,,,False,False,,,False,,False,False,False,,False,False,,,False,False,False,False,False,False,,False,False,False,False,False,,,,,
TECH.OQ,False,False,False,False,,,,,False,False,,,False,,False,False,False,,False,False,,,False,False,,False,False,False,,False,True,False,False,False,,,,,
NVR.N,,,,,,,,,False,False,,,False,,False,False,False,,False,False,,,False,False,False,False,False,False,,False,False,False,False,False,,,,,
JBL.N,True,False,False,False,,,,,True,True,,,False,,False,False,False,,False,False,,,False,False,True,False,True,False,,False,False,True,False,False,,,,,
XYZ.N,,,,,,,,,False,False,,,False,,False,False,False,,False,False,,,False,False,,False,False,False,,False,False,False,False,False,,,,,
LOW.N,False,False,False,False,,,,,True,False,,,False,,False,False,False,,False,False,,,True,False,True,True,True,False,,False,False,False,False,False,,9.82,,,
BSX.N,,,,,,,,,False,False,,,False,,False,False,False,,False,False,,,False,False,,False,False,False,,False,True,False,False,False,,,,,
SYY.N,False,False,False,False,,,,,True,False,,,False,,True,False,False,,False,False,,,False,True,,False,True,False,,False,False,False,False,False,,,,,
FCX.N,,,,,,,,,False,False,,,False,,False,False,False,,False,False,,,False,False,,False,False,False,,False,False,False,False,False,,,,,
MAS.N,,,,,,,,,True,True,,,False,,False,False,False,,False,False,,,False,False,True,False,True,False,,False,False,False,True,True,,50.0,,,
BEN.N,,,,,,,,,False,False,,,False,,False,True,False,False,False,False,,,False,False,,False,False,False,True,False,False,False,False,False,,,,,
META.OQ,True,False,False,False,,,,,False,False,,,False,,False,False,False,,False,False,,,False,False,False,False,False,False,,False,False,False,False,False,,,,,
PAYC.N,False,False,False,False,,,,,True,False,,,False,,False,False,False,,False,False,,,False,False,True,False,True,False,,False,False,False,False,False,,,,,
EXPE.OQ,False,False,False,False,,,,,False,False,,,False,,False,False,False,,False,False,,,False,False,,False,False,False,,False,False,False,False,False,,,,,
RJF.N,,,,,,,,,True,True,,,False,,False,True,False,True,True,False,,,False,False,,False,True,False,,False,False,True,False,False,,,,,2700000000
CL.N,False,True,True,False,100.0,,,,True,True,,,True,,False,False,False,,False,False,,,False,False,True,True,True,False,,False,True,False,True,False,,,,,
VICI.N,False,False,False,False,,14.28,,,False,False,,,False,,False,False,False,,False,False,,,False,False,,False,False,False,,False,False,False,False,False,True,,,,
VICI.N,,,,,,14.28,,,,,,,,,,,,,,,,,,,,,,,,,,,,,,,,,
UNH.N,False,False,False,False,,,,,False,False,,,False,,False,False,False,,False,False,,,False,False,,False,False,False,,False,False,False,False,False,,,,,
ARE.N,,,,,,,,,True,False,,,False,,False,False,False,,False,False,,,False,False,,False,True,False,,False,False,False,False,False,True,,,,
GEN.OQ,False,False,False,False,,,,,True,False,,,False,,False,False,False,,False,False,,,False,False,True,False,True,False,,False,False,False,False,False,,,,,
LLY.N,False,False,False,False,,,,,True,True,,,False,,False,False,False,,False,False,,,False,False,True,True,True,False,,False,True,False,False,False,,,,,
DAY.N,,,,,,,,,False,False,,,False,,False,False,False,,False,False,,,False,False,False,False,False,False,,False,False,False,False,False,,,,,
GRMN.N,False,False,False,False,,,,,True,True,,,False,,False,False,False,,False,False,,,False,False,True,True,True,False,,False,False,False,False,False,,,,,
PODD.OQ,,,,,,,,,True,True,,,False,,False,False,False,,False,False,,,False,False,,True,True,False,,False,False,False,False,False,,,135.8,,
ISRG.OQ,True,False,False,False,,,,,False,False,,,False,,False,False,False,,False,False,,,False,False,,True,False,False,,False,False,False,False,False,,,543.77,,
AVB.N,False,False,False,False,,33.33,,,True,False,,,False,,False,False,False,,False,False,,,False,False,,False,True,False,,False,False,True,False,False,True,,,,
TPR.N,,,,,,,,,False,False,,,False,,False,False,False,,False,False,,,False,False,False,False,False,False,,False,False,False,False,False,,,,,
CBRE.N,,,,,,,,,True,False,,,False,,False,True,False,,False,False,,,False,False,,False,True,False,,False,False,False,False,True,True,,,,
CINF.OQ,,,,,,,,,True,False,,,False,,False,False,False,False,False,False,,,False,False,,False,True,False,,False,False,False,False,False,,,,,
WMB.N,,,,,,,,,False,False,,,False,,False,False,False,,False,False,,,False,False,,False,False,False,,False,False,False,False,False,,,,,
EA.OQ,False,False,False,False,,,,,False,False,,,False,,False,False,False,,False,False,,,False,False,False,False,False,False,,False,False,False,False,False,,,,,
TMUS.OQ,False,False,False,False,,,,,True,False,,,False,,False,False,False,,False,False,,,False,False,True,True,True,False,,False,False,False,False,False,,,5388.0,,
CB.N,False,False,False,False,,,,,True,False,,,False,,False,False,False,False,False,False,,,False,False,,False,True,False,,False,False,True,False,False,,,,,
TXN.OQ,False,False,False,False,,,,,True,False,,,True,,True,False,False,,False,False,,,False,False,True,True,True,False,,False,False,True,False,True,,,,,
MDLZ.OQ,True,True,True,False,100.0,,,,True,False,,,False,,False,False,False,,False,False,,,False,True,True,False,True,True,,False,False,False,False,False,,,,,
BRO.N,,,,,,,,,False,False,,,False,,False,False,False,False,False,False,,,False,False,,False,False,False,,False,False,False,False,False,,,,,
BALL.N,True,False,False,False,,,,,True,True,,,False,,False,False,False,,False,False,,,False,False,,True,True,False,,False,False,False,False,False,,,,,
PFG.OQ,False,False,False,False,,,,,True,False,,,False,,False,True,False,True,True,False,,,False,False,,False,True,False,,False,False,True,False,False,,,,,635300000000
KEYS.N,,,,,,,,,True,False,,,True,,False,False,False,,False,False,,,False,False,True,True,True,False,,False,False,True,False,False,,,,,
PCG.N,,,,,,,,,True,False,155.023738009883,3200000,False,,False,False,False,,False,True,60.37,,False,False,,False,True,False,,False,False,True,False,False,,,,48.0,
RL.N,False,False,False,False,,,,,True,True,,,False,,False,False,False,,False,False,,,False,True,,False,True,False,,False,False,False,False,False,,,,,
JPM.N,False,False,False,False,,,,,True,False,,,False,,False,True,True,True,True,False,,,False,False,,False,True,False,,False,False,True,False,False,,,,,
TTWO.OQ,False,False,False,False,,,,,False,False,,,False,,False,False,False,,False,False,,,False,False,False,False,False,False,,False,False,False,False,False,,,,,
CDW.OQ,,,,,,,,,False,False,,,False,,False,False,False,,False,False,,,False,False,False,False,False,False,,False,False,False,False,False,,,,,
RMD.N,True,False,False,False,,,,,True,True,,,False,,False,False,False,,False,False,,,False,False,,False,True,False,,False,True,False,False,False,,,,,
LNT.OQ,,,,,,,,,True,False,926.68301989643,3400000,False,,False,False,False,,False,False,,,False,False,,False,True,False,,False,False,False,False,False,,,,,
COO.OQ,False,False,False,False,,,,,False,False,,,False,,False,False,False,,False,False,,,False,False,,False,False,False,,False,False,False,False,False,,,,,
CMG.N,False,False,False,False,,,,,False,False,,,False,,False,False,False,,False,False,,,False,True,,False,False,False,,False,False,False,False,False,,,,,
PCAR.OQ,,,,,,,,,True,True,,,True,,True,False,False,,False,False,,,False,False,True,False,True,False,,False,False,False,False,False,,,,,
GNRC.N,,,,,,,,,False,False,,,False,,False,False,False,,False,False,,,False,False,False,False,False,False,,False,False,False,False,False,,,,,
CHTR.OQ,,,,,,,,,True,True,,,False,,False,False,False,,False,False,,,False,False,True,True,True,False,,False,False,False,False,False,,,29046.0,,
PWR.N,,,,,,,,,True,True,,,True,,False,False,False,,False,False,,,False,False,,False,True,False,,False,False,True,False,False,,,,,
CCL.N,,,,,,,,,False,False,,,False,,False,False,False,,False,False,,,False,False,,False,False,False,,False,False,False,False,False,,,,,
PM.N,True,False,False,False,,,,,True,True,,,False,,False,False,False,,False,False,,,False,False,True,True,True,False,,False,False,False,False,False,,32.1,112.0,,
SNA.N,,,,,,,,,True,False,,,False,,False,False,False,,False,False,,,False,False,True,False,True,False,,False,False,False,False,False,,,,,
SNA.N,,,,,,,,,True,False,,,False,,False,False,False,,False,False,,,False,False,True,False,True,False,,False,False,False,False,False,,,,,
UAL.OQ,,,,,,,,,True,False,,,False,,False,False,False,,False,False,,,False,False,,False,True,False,,False,False,False,False,False,,,,,
ESS.N,,,,,,,,,False,False,,,False,,False,False,False,,False,False,,,False,False,,False,False,False,,False,False,False,False,False,True,,,,
KHC.OQ,False,True,True,False,100.0,,,,True,True,,,False,,False,False,False,,False,False,,,False,True,True,True,True,True,,False,False,False,False,False,,,,,
BLDR.N,False,False,False,False,,,,,True,False,,,False,,False,False,False,,False,False,,,False,False,True,False,True,False,,False,False,False,False,True,,,,,
JBHT.OQ,,,,,,,,,True,False,,,False,,False,False,False,,False,False,,,False,False,,False,True,False,,False,False,False,False,False,,,,,
CMI.N,,,,,,,,,True,True,,,False,,True,False,False,,False,False,,,False,False,True,True,True,False,,False,False,False,False,False,,10.0,,,
PNR.N,True,False,False,False,,,,,True,True,,,False,,False,False,False,,False,False,,,False,False,True,False,True,False,,False,False,True,True,False,,,,,
CRL.N,,,,,,,,,False,False,,,False,,False,False,False,,False,False,,,False,False,,False,False,False,,False,True,False,False,False,,,,,
DECK.N,,,,,,,,,True,True,,,False,,False,False,False,,False,False,,,False,False,,False,True,False,,False,False,False,False,False,,,,,
HPQ.N,True,False,False,False,,,,,True,True,,,False,,False,False,False,,False,False,,,False,False,True,True,True,False,,False,False,False,False,False,,,,,
ROP.OQ,,,,,,,,,True,False,,,False,,False,False,False,,False,False,,,False,False,True,False,True,False,,False,False,False,True,False,,,,,
LW.N,,,,,,,,,False,False,,,False,,False,False,False,,False,False,,,False,True,False,False,False,True,,False,False,False,False,False,,,,,
TGT.N,,,,,,,,,True,False,,,False,,False,False,False,,False,False,,,False,False,True,True,True,False,,False,False,False,False,False,,,,,
NTAP.OQ,,,,,,,,,True,True,,,False,,False,False,False,,False,False,,,False,False,True,True,True,False,,False,False,False,False,False,,32.0,,,
OXY.N,False,False,False,False,,,,,True,False,,,False,,False,False,False,,False,False,,,False,False,,False,True,False,,False,False,False,False,False,,,,,
IR.N,,,,,,,,,True,False,,,False,,False,False,False,,False,False,,,False,False,True,False,True,False,,False,False,False,False,False,,,,,
TER.OQ,,,,,,,,,False,False,,,False,,False,False,False,,False,True,,,False,False,False,False,False,False,,False,False,False,False,False,,,,,
WAB.N,,,,,,,,,True,True,,,True,,False,False,False,,False,False,,,False,False,True,False,True,False,,False,False,False,False,False,,,,,
NOW.N,False,False,False,False,,,,,False,False,,,False,,False,False,False,,False,False,,,False,False,False,False,False,False,,False,False,False,False,False,,,,,
EXC.OQ,,,,,,,,,True,False,,,False,,False,False,False,,False,True,86.83,,False,False,,False,True,False,,False,False,True,False,False,,,,,
BR.N,False,False,False,False,,,,,True,False,,,False,,False,False,False,,False,False,,100,True,False,,False,True,False,,False,False,False,False,False,,,,,
EMN.N,True,False,False,False,,,,,True,False,,,True,,False,False,False,,False,False,,,False,False,,False,True,False,True,False,True,True,True,True,,,,,
AZO.N,False,False,False,False,,,,,False,False,,,False,,False,False,False,,False,False,,,False,False,True,True,False,False,,False,False,False,False,False,,,336498.0,,
TEL.N,False,False,False,False,,,,,True,False,,,False,,False,False,False,,False,True,,,False,False,True,True,True,False,,False,False,True,False,False,,,,,
FRT.N,,,,,,,,,True,False,,,False,,False,False,False,,True,False,,,False,False,,False,True,False,,False,False,True,True,True,True,,,,
DUK.N,False,False,False,False,,,,,True,False,,,False,,False,False,False,,False,True,35.0,,False,False,,False,True,False,,False,False,True,False,False,,,,,
KMI.N,,,,,,,,,True,False,,375000,False,,False,False,False,,False,False,,,False,False,,False,True,False,,False,False,True,False,False,,,,,
DVN.N,False,False,False,False,,,,,False,False,,,False,,False,False,False,,False,False,,,False,False,,False,False,False,,False,False,False,False,False,,,,,
RCL.N,True,False,False,False,,,,,False,False,,,False,,False,False,False,,False,False,,,False,False,,False,False,False,,False,False,False,False,False,,,,,
VTRS.OQ,,,,,,,,,False,False,,,False,,False,False,False,,False,False,,,False,False,False,False,False,False,,False,True,False,False,False,,,,,
CAH.N,False,False,False,False,,,,,True,True,,,False,,False,False,False,,False,False,,,False,False,True,False,True,False,,False,False,False,False,False,,,,,
MKC.N,,,,,,,,,True,False,,,False,,False,False,False,,False,False,,,False,True,True,False,True,True,,False,False,False,False,False,,49.0,,,
IEX.N,False,False,False,False,,,,,True,False,,,False,,False,False,False,,False,False,,,False,False,True,False,True,False,,False,False,False,True,False,,,,,
VLO.N,,,,,,,,,True,False,,,False,,False,False,False,,False,False,,,False,False,,False,True,False,,False,False,True,False,False,,,,,
EXPD.N,False,False,False,False,,,,,True,False,,,False,,False,False,False,,False,False,,,False,False,,False,True,False,,False,False,False,False,False,,,,,
LH.N,,,,,,,,,False,False,,,False,,False,False,False,,False,False,,,False,False,,False,False,False,,False,True,False,False,False,,,,,
SW.N,,,,,,,,,True,True,,,False,,False,False,False,,False,False,,100,True,False,,False,True,False,,False,False,False,False,False,,,,,
DRI.N,False,False,False,False,,,,,False,False,,,False,,False,False,False,,False,False,,,False,False,,False,False,False,,False,False,False,False,False,,,,,
MAA.N,,,,,,,,,False,False,,,False,,False,False,False,,False,False,,,False,False,,False,False,False,,False,False,False,False,False,True,,,,
JNJ.N,False,False,False,False,,,,,True,True,,,False,,False,False,False,,False,False,,,False,False,True,True,True,False,,False,True,False,False,False,,,,,
COR.N,False,False,False,False,,,,,False,False,,,False,,False,False,False,,False,False,,,False,False,,False,False,False,,False,False,False,False,False,,,,,
SHW.N,,,,,,,,,True,True,,,False,,False,False,False,,False,False,,,False,False,,True,True,False,,False,False,False,False,True,,,,,
GD.N,,,,,,,,,False,False,,,False,,False,False,False,,False,True,,,False,False,,False,False,False,,False,False,False,False,False,,,,,
SBAC.OQ,,,,,,,,,False,False,,,False,,False,False,False,,False,False,,,False,False,,False,False,False,,False,False,False,False,False,,,,,
MPWR.OQ,False,False,False,False,,,,,True,False,,,False,,False,False,False,,False,False,,,False,False,True,False,True,False,,False,False,False,False,False,,,,,
COP.N,True,False,False,False,,,,,True,False,,,False,,False,False,False,,False,False,,,False,False,,False,True,False,,False,False,False,True,False,,,,,
ORCL.N,False,False,False,False,,,,,True,True,,,False,,False,False,False,,False,False,,,False,False,True,True,True,False,,False,False,False,False,False,,,,,
AMP.N,,,,,,,,,True,False,,,False,,False,True,False,False,False,True,,,False,False,,False,True,False,,False,False,False,False,False,,,,,53800000000
NXPI.OQ,False,False,False,False,,,,,True,True,,,False,,False,False,False,,False,False,,,False,False,True,False,True,False,,False,False,False,False,False,,,,,
CPRT.OQ,False,False,False,False,,,,,False,False,,,False,,False,False,False,,False,False,,,False,False,False,False,False,False,,False,False,False,False,False,,,,,
TXT.N,,,,,,,,,True,True,,,True,,True,False,False,,False,False,,,False,False,,False,True,False,,False,False,False,False,False,,,,,
TXT.N,,,,,,,,,True,True,,,True,,True,False,False,,False,False,,,False,False,,False,True,False,,False,False,False,False,False,,,,,
T.N,False,False,False,False,,,,,True,False,,,False,,False,False,False,,False,False,,,False,False,True,True,True,False,,False,False,False,True,False,,33.0,,,
MTCH.OQ,,,,,,,,,False,False,,,False,,False,False,False,,False,False,,,False,False,False,False,False,False,,False,False,False,False,False,,,,,
NDAQ.OQ,,,,,,,,,True,False,,,False,,False,False,False,False,False,False,,,False,False,,False,True,False,,False,False,False,False,False,,,,,
FFIV.OQ,False,False,False,False,,,,,True,False,,,False,,False,False,False,,False,False,,,False,False,True,False,True,False,,False,False,False,False,False,,,,,
LEN.N,,,,,,,,,True,False,,,False,,False,False,False,,False,False,,,False,False,True,False,True,False,,False,False,False,False,False,True,,,,
CDNS.OQ,False,False,False,False,,,,,True,False,,,True,,False,False,False,,False,False,,,False,False,True,False,True,False,,False,False,False,False,False,,,,,
CDNS.OQ,False,False,False,False,,,,,True,False,,,True,,False,False,False,,False,False,,,False,False,True,False,True,False,,False,False,False,False,False,,,,,
NVDA.OQ,False,False,False,False,,,,,True,True,,,False,,False,False,False,,False,False,,,False,False,True,True,True,False,,False,False,False,False,False,,100.0,,100.0,
WELL.N,False,False,False,False,,5.05,,,True,False,,,False,,False,False,False,,False,False,,,False,False,,False,True,False,,False,False,False,False,False,True,,,,
WELL.N,,,,,,5.05,,,,,,,,,,,,,,,,,,,,,,,,,,,,,,,,,
PLD.N,False,False,False,False,,5.89,,,True,True,,,False,,False,False,False,,False,False,,,False,False,,False,True,False,,False,False,False,False,False,True,,,,
ROST.OQ,False,False,False,False,,,,,False,False,,,False,,False,False,False,,False,False,,,False,False,False,False,False,False,,False,False,False,False,False,,,,,
MRK.N,False,False,False,False,,,,,False,False,,,False,,False,False,False,,False,False,,,False,False,False,False,False,False,,False,True,False,False,False,,,,,
WEC.N,,,,,,,,,True,False,,,False,,False,False,False,,False,False,,,False,False,,False,True,False,,False,False,True,False,False,,,,,
MSCI.N,,,,,,,,,True,False,,,False,,False,False,False,,False,False,,,False,False,,False,True,False,,False,False,False,False,False,,,,,
TMO.N,False,False,False,False,,,,,True,True,,,False,,False,False,False,,False,False,,,False,False,,True,True,False,,False,False,False,True,False,,,,,
F.N,True,False,False,False,,,,,True,True,,,True,8.111,True,False,False,,False,False,,,False,False,True,True,True,False,,False,False,False,False,False,,,,,
GEHC.OQ,,,,,,,,,,,,,,,,,,,,,,,,,,,,,,,,,,,,,,,
LYB.N,,,,,,,,,True,False,,,False,,False,False,False,,False,False,,,False,False,,False,True,False,,False,True,True,False,False,,,,,
IBM.N,False,False,False,False,,,,,True,True,,,False,,True,False,False,,False,False,,,False,False,True,True,True,False,,False,False,True,False,True,,,18000.0,,
IQV.N,False,False,False,False,,,,,False,False,,,False,,False,False,False,,False,False,,,False,False,,False,False,False,,False,False,False,False,False,,,,,
VRTX.OQ,False,False,False,False,,,,,False,False,,,False,,False,False,False,,False,False,,,False,False,True,True,False,False,,False,True,False,False,False,,,,,
DXCM.OQ,,,,,,,,,False,False,,,False,,False,False,False,,False,False,,,False,False,,False,False,False,,False,True,False,False,False,,,,,
PEP.OQ,False,True,True,False,,,,,False,False,,,False,,False,False,False,,False,False,,,False,True,True,True,False,True,,False,True,False,False,False,,,,,
AOS.N,,,,,,,,,True,False,,,False,,False,False,False,,False,False,,,False,False,True,False,True,False,,False,False,False,True,False,,30.0,,,
BLK.N,False,False,False,False,,,,,True,False,,,False,,False,True,False,True,True,True,,,False,False,,False,True,True,True,False,False,True,False,False,,,,,509000000000
HII.N,,,,,,,,,False,False,,,False,,False,False,False,,False,True,,,False,False,,False,False,False,,False,False,False,False,False,,,,,
CVS.N,False,True,False,False,,,,,True,False,,,False,,False,False,False,,False,False,,,False,True,,True,True,False,,False,False,False,False,False,,,,,
PH.N,,,,,,,,,True,False,,,False,,True,False,False,,False,False,,,False,False,True,False,True,False,,False,False,False,True,False,,,,,
NSC.N,,,,,,,,,True,False,,1100000,False,,True,False,False,,False,False,,,False,False,,False,True,False,,False,False,False,False,False,,,,,
MSFT.OQ,False,False,False,False,,,,,True,True,,,False,,False,False,False,,False,False,,,False,False,True,True,True,False,,False,False,False,False,False,,,,,
HWM.N,True,False,False,False,,,,,True,False,,,False,,False,False,False,,False,False,,,False,False,,False,True,False,,False,False,False,False,False,,,,,
BAX.N,,,,,,,,,True,False,,,False,,False,False,False,,False,False,,,False,False,,True,True,False,,False,True,False,False,False,,,,,
HUM.N,False,False,False,False,,,,,False,False,,,False,,False,False,False,,False,False,,,False,False,,False,False,False,,False,False,False,False,False,,,,,
AXON.OQ,,,,,,,,,False,False,,,False,,False,False,False,,False,False,,,False,False,,False,False,False,,False,False,False,False,False,,,,,
ZBH.N,False,False,False,False,,,,,False,False,,,False,,False,False,False,,False,False,,,False,False,,False,False,False,,False,False,False,False,False,,,,,
TDY.N,,,,,,,,,True,False,,,False,,False,False,False,,False,False,,,False,False,True,False,True,False,,False,False,False,False,False,,,,,
GILD.OQ,False,False,False,False,,,,,False,False,,,False,,False,False,False,,False,False,,,False,False,True,True,False,False,,False,True,False,False,False,,,,,
EPAM.N,False,False,False,False,,,,,False,False,,,False,,False,False,False,,False,False,,,False,False,False,False,False,False,,False,False,False,False,False,,,,,
NOC.N,False,False,False,False,,,,,False,False,,,False,,False,False,False,,False,True,,,False,False,,False,False,False,,False,False,False,False,False,,,,,
PNW.N,False,False,False,False,,,,,True,False,,,False,,False,False,False,,False,True,27.0,,False,False,,False,True,False,,False,False,False,False,False,,,,2.37,
BFb.N,,,,,,,,,False,False,,,False,,False,False,False,,False,False,,,False,True,False,False,False,True,,False,False,False,False,False,,,,,
DE.N,True,False,False,False,,,,,True,False,,,True,,False,False,False,,False,False,,,False,False,True,False,True,False,,False,False,False,True,False,,,,,
HSY.N,,,,,,,,,False,False,,,False,,False,False,False,,False,False,,,False,True,False,False,False,True,,False,False,False,False,False,,,,,
GL.N,False,False,False,False,,,,,True,False,,,False,,False,False,False,False,False,False,,,False,False,,False,True,False,,False,False,True,False,False,,,,,
SLB.N,True,False,False,False,,,,,True,False,,,False,,False,False,False,,False,False,,,False,False,,True,True,False,,False,False,True,True,False,,,,,
AWK.N,,,,,,,,,True,False,,,False,,False,False,False,,False,False,,,False,False,,False,True,False,,False,False,False,True,False,,,,,
PKG.N,,,,,,,,,True,True,,,False,,False,False,False,,False,False,,100,True,False,,True,True,False,,False,False,False,False,False,,,285000.0,,
CPAY.N,,,,,,,,,False,False,,,False,,False,False,False,,False,False,,,False,False,,False,False,False,,False,False,False,False,False,,,,,
ADI.OQ,True,False,False,False,,,,,True,False,,,False,,True,False,False,,False,False,,,False,False,True,False,True,False,,False,False,True,False,False,,,,,
MMC.N,False,False,False,False,,,,,True,False,,,False,,False,True,False,False,False,False,,,False,False,,False,True,False,,False,False,False,False,False,,,,,
IT.N,,,,,,,,,False,False,,,False,,False,False,False,,False,False,,,False,False,False,False,False,False,,False,False,False,False,False,,,,,
ECL.N,False,False,False,False,,,,,True,True,,,False,,False,False,False,,False,True,,,False,False,,False,True,False,,False,False,False,True,False,,66.0,,,
BXP.N,,,,,,,,,True,False,,,False,,False,False,False,,True,False,,,False,False,,False,True,False,,False,False,True,False,False,True,,,,
GE.N,False,False,False,False,,,,,True,True,,,True,,True,False,False,,False,True,,,False,False,,True,True,False,,False,True,True,True,True,,27.79755,,27.79,
ED.N,False,False,False,False,,,,,True,False,,,False,,False,False,False,,False,False,,,False,False,,False,True,False,,False,False,True,False,True,True,,,,
ALLE.N,,,,,,,,,True,True,,,True,,False,False,False,,False,False,,,False,False,True,False,True,False,,False,False,False,False,True,,,,,
OTIS.N,,,,,,,,,True,False,,,False,,False,False,False,,False,False,,,False,False,True,False,True,False,,False,False,False,False,False,,,,,
WFC.N,False,False,False,False,,,,,True,False,,,False,,False,True,False,True,True,False,,,False,False,,False,True,False,,False,False,True,False,False,,,,,
CTVA.N,,,,,,,,,False,False,,,False,,False,False,False,,False,False,,,False,False,,False,False,True,True,True,True,False,False,False,,,,,
FTV.N,False,False,False,False,,,,,True,False,,,False,,False,False,False,,False,False,,,False,False,True,False,True,False,,False,False,True,False,False,,,,,
AEE.N,,,,,,,,,True,False,369.096027525805,2360000,False,,False,False,False,,False,True,11.2259,,False,False,,False,True,False,,False,False,False,False,False,,,,,
PRU.N,,,,,,,,,True,False,,,False,,False,True,False,True,True,False,,,False,False,,False,True,False,,False,False,True,False,False,True,,,,
DLTR.OQ,,,,,,,,,True,False,,,False,,False,False,False,,False,False,,,False,False,True,False,True,False,,False,False,False,False,False,,,,,
CF.N,False,False,False,False,,,,,True,False,,,False,,False,False,False,,False,False,,,False,False,,False,True,False,True,True,False,False,False,False,,,,,
NEE.N,False,False,False,False,,,,,True,True,,,False,,False,False,False,,False,True,21.21,,False,False,,False,True,False,,False,False,True,True,False,,,,,
KLAC.OQ,,,,,,,,,True,False,,,False,,False,False,False,,False,False,,,False,False,True,False,True,False,,False,False,False,False,False,,,,,
AME.N,,,,,,,,,True,False,,,False,,False,False,False,,False,True,,,False,False,True,False,True,False,,False,False,True,True,False,,,,,
NUE.N,,,,,,,,,False,False,,,False,,False,False,False,,False,False,,,False,False,,False,False,False,,False,False,False,False,False,,,,,
D.N,,,,,,,,,True,False,,,False,,False,False,False,,False,True,41.0,,False,False,,False,True,False,,False,False,True,False,False,,,,,
SJM.N,,,,,,,,,False,False,,,False,,False,False,False,,False,False,,,False,True,False,False,False,True,,False,False,False,False,False,,,,,
EMR.N,,,,,,,,,True,True,,,True,,False,False,False,,False,True,,,False,False,True,False,True,False,,False,False,True,True,True,,,,,
DVA.N,,,,,,,,,False,False,,,False,,False,False,False,,False,False,,,False,False,,False,False,False,,False,False,False,False,False,,,,,
COIN.OQ,False,False,False,False,,,,,False,False,,,False,,False,False,False,,False,False,,,False,False,,False,False,False,,False,False,False,False,False,,,,,
CMS.N,,,,,,,,,True,False,,,False,,False,False,False,,False,False,,,False,False,,False,True,False,,False,False,False,False,False,,,,,
HPE.N,,,,,,,,,True,True,,,False,,False,False,False,,False,False,,,False,False,True,True,True,False,,False,False,False,True,False,,50.0,18378.0,50.0,
BDX.N,,,,,,,,,True,True,,,False,,False,False,False,,False,False,,,False,False,,True,True,False,,False,True,False,False,False,,,1855.0,,
MGM.N,True,False,False,False,,,,,True,False,,,False,,False,False,False,,False,False,,,False,False,,False,True,False,,False,False,False,False,False,,,,,
HUBB.N,False,False,False,False,,,,,True,False,,,True,,False,False,False,,False,False,,,False,False,True,True,True,False,,False,False,True,True,False,,,1069.22101,,
ALGN.OQ,False,False,False,False,,,,,False,False,,,False,,False,False,False,,False,False,,,False,False,,True,False,False,,False,False,False,False,False,,,,,
SRE.N,,,,,,,,,True,False,,,False,,False,False,False,,True,False,,,False,False,,False,True,False,,False,False,True,False,False,,,,,
REGN.OQ,False,False,False,False,,,,,False,False,,,False,,False,False,False,,False,False,,,False,False,False,False,False,False,,False,True,False,False,False,,,,,
EFX.N,False,False,False,False,,,,,False,False,,,False,,False,False,False,,False,False,,,False,False,,False,False,False,,False,False,False,False,False,,,,,
USB.N,,,,,,,,,True,False,,,False,,False,False,False,True,True,False,,,False,False,,False,True,False,,False,False,True,False,False,,,,,
CSGP.OQ,False,False,False,False,,70.0,,,False,False,,,False,,False,False,False,,False,False,,,False,False,False,False,False,False,,False,False,False,False,False,True,,,,
HCA.N,,,,,,,,,False,False,,,False,,False,False,False,,False,False,,,False,False,,False,False,False,,False,False,False,False,False,,,,,
AVGO.OQ,False,False,False,False,,,,,True,False,,,True,,True,False,False,,False,False,,,False,False,True,False,True,False,,False,False,True,False,False,,,,,
DHR.N,True,False,False,False,,,,,True,False,,,False,,False,False,False,,False,False,,,False,False,,False,True,False,,False,False,False,True,False,,,,,
NWSA.OQ,,,,,,,,,True,False,,,False,,False,False,False,,False,False,,,False,False,,False,True,False,,False,False,False,False,False,,,,,
ERIE.OQ,False,False,False,False,,,,,False,False,,,False,,False,False,False,False,False,False,,,False,False,,False,False,False,,False,False,False,False,False,,,,,
RTX.N,False,False,False,False,,,,,True,False,,,True,,False,False,False,,False,False,,,False,False,,False,True,False,,False,False,True,True,True,,,,,
AAPL.OQ,True,False,False,False,,,,,True,True,,,False,,False,False,False,,False,False,,,False,False,True,True,True,False,,False,False,False,False,False,,,40000.0,,
CME.OQ,,,,,,,,,False,False,,,False,,False,False,False,False,False,False,,,False,False,,False,False,False,,False,False,False,False,False,,,,,
ADM.N,,,,,,,,,True,False,,,False,,False,False,False,,False,False,,,False,True,True,False,True,True,,False,False,False,False,False,,,,,
APD.N,False,False,False,False,,,,,True,False,9057.44454131551,93500000,False,,False,False,False,,False,False,,,False,False,,False,True,False,,False,False,False,True,True,,,,,
FANG.OQ,,,,,,,,,True,False,,,False,,False,False,False,,False,False,,,False,False,,False,True,False,,False,False,False,False,False,,8.4,,21.0,
WRB.N,,,,,,,,,True,False,,,False,,False,False,False,True,True,False,,,False,False,,False,True,False,,False,False,True,False,False,,,,,
AXP.N,False,False,False,False,,,,,True,True,,,False,,False,False,False,False,False,False,,,False,False,,False,True,False,,False,False,False,False,False,,,,,
CLX.N,,,,,,,,,False,False,,,False,,False,False,False,,False,False,,,False,False,False,False,False,False,,False,True,False,False,False,,,,,
DOV.N,False,False,False,False,,,,,True,False,,,True,,False,False,False,,False,False,,,False,False,True,False,True,False,,False,False,True,True,False,,,,,
FSLR.OQ,,,,,,,,,True,True,,,False,,False,False,False,,False,False,,,False,False,,True,True,False,,False,False,True,False,False,,,,,
MTB.N,,,,,,,,,True,False,,,False,,False,True,False,True,True,False,,,False,False,,False,True,False,,False,False,False,False,False,,,,,1780000000
FDX.N,False,False,False,False,,,,,True,False,,,False,,False,False,False,,False,False,,,True,False,,False,True,False,,False,False,False,False,False,,,,,
TROW.OQ,,,,,,,,,False,False,,,False,,False,True,False,False,False,True,,,False,False,,False,False,True,,False,False,False,False,False,True,,,,
JKHY.OQ,False,False,False,False,,,,,False,False,,,False,,False,False,False,,False,False,,,False,False,False,False,False,False,,False,False,False,False,False,,,,,
O.N,,,,,,,,,True,False,,,False,,False,False,False,,False,False,,,False,False,,False,True,False,,False,False,False,False,False,True,,,,
MLM.N,False,False,False,False,,,,,False,False,,,False,,False,False,False,,False,False,,,False,False,,False,False,False,,False,False,False,False,False,,,,,
RVTY.N,,,,,,,,,True,True,,,False,,False,False,False,,False,False,,,False,False,,True,True,False,,False,True,False,True,False,,,127.2198,,
L.N,,,,,,,,,True,True,,,False,,False,False,False,True,True,False,,,False,True,,False,True,False,,False,False,False,False,False,,,,,
QCOM.OQ,False,False,False,False,,,,,True,True,,,False,,False,False,False,,False,False,,,False,False,True,False,True,False,,False,False,False,False,False,,,,,
IPG.N,,,,,,,,,True,False,,,False,,False,False,False,,False,False,,,True,False,,False,True,False,,False,False,False,False,False,,,,,
PHM.N,,,,,,,,,True,False,,,False,,False,False,False,,False,False,,,False,False,True,False,True,False,,False,False,False,False,False,True,,,,
ULTA.OQ,,,,,,,,,False,False,,,False,,False,False,False,,False,False,,,False,False,False,False,False,False,,False,False,False,False,False,,,,,
KO.N,False,False,False,False,,,,,True,False,,,False,,False,False,False,,False,False,,,False,True,True,True,True,False,,False,True,False,False,False,,,,,
CSCO.OQ,False,False,False,False,,,,,True,True,,,False,,False,False,False,,False,False,,,False,False,True,True,True,False,,False,False,False,False,False,,,9470.0,,
WTW.OQ,,,,,,,,,True,False,,,False,,False,False,False,True,True,False,,,False,False,,False,True,False,,False,False,False,False,False,,,,,
ANET.N,False,False,False,False,,,,,True,True,,,False,,False,False,False,,False,False,,,False,False,True,True,True,False,,False,False,False,False,False,,,,,
ES.N,,,,,,,,,True,False,,,False,,True,False,False,,False,False,,,False,False,,False,True,False,,False,False,True,False,False,,0.0,,,
CTAS.OQ,False,False,False,False,,,,,True,False,,,False,,False,False,False,,False,False,,,False,False,,False,True,False,,False,False,False,False,False,,,,,
GPN.N,,,,,,,,,False,False,,,False,,False,False,False,,False,False,,,False,False,,False,False,False,,False,False,False,False,False,,,,,
RSG.N,True,False,False,False,,,,,True,False,,,False,,False,False,False,,False,False,,,False,False,,False,True,False,,False,False,True,False,False,,,,,
LIN.OQ,,,,,,,,,True,False,1262.62462247913,38880000,True,,False,False,False,,False,False,,,False,False,,True,True,False,,False,False,True,True,False,,32.25807,,0.3225807,
MCK.N,,,,,,,,,False,False,,,False,,False,False,False,,False,False,,,False,False,False,False,False,False,,False,False,False,False,False,,,,,
HLT.N,False,False,False,False,,,,,False,False,,,False,,False,False,False,,False,False,,,False,True,,False,False,False,,False,False,False,False,False,True,,,,
NFLX.OQ,False,False,False,False,,,,,False,False,,,False,,False,False,False,,False,False,,,False,False,False,False,False,False,,False,False,False,False,False,,,,,
FI.N,False,False,False,False,,,,,True,False,,,False,,False,False,False,,False,False,,,False,False,,False,True,False,,False,False,False,False,False,,,,,
RF.N,,,,,,,,,True,False,,,False,,False,True,False,True,True,False,,,False,False,,False,True,False,,False,False,True,False,False,,,,,11400000
WMT.N,False,True,False,False,,,,,True,False,,,False,,False,False,False,,False,False,,,True,True,,True,True,False,,False,False,False,False,False,,,,,
AMGN.OQ,False,False,False,False,,,,,False,False,,,False,,False,False,False,,False,False,,,False,False,True,True,False,False,,False,True,False,False,False,,,,,
KIM.N,,,,,,,,,True,False,,,False,,False,False,False,,False,False,,,False,False,,False,True,False,,False,False,False,False,True,True,,,,
DDOG.OQ,,,,,,,,,False,False,,,False,,False,False,False,,False,False,,,False,False,False,False,False,False,,False,False,False,False,False,,,,,
DG.N,,,,,,,,,False,False,,,False,,False,False,False,,False,False,,,False,True,False,False,False,False,,False,False,False,False,False,,,,,
EQR.N,,,,,,,,,True,False,,,False,,False,False,False,,False,False,,,False,False,,False,True,False,,False,False,False,False,False,True,,,,
URI.N,,,,,,,,,True,False,,,False,,False,False,False,,False,False,,,False,False,,False,True,False,,False,False,False,False,False,,,,,
TDG.N,,,,,,,,,False,False,,,False,,False,False,False,,False,False,,,False,False,,False,False,False,,False,False,False,False,False,,,,,
CNC.N,,,,,,,,,False,False,,,False,,False,False,False,,False,False,,,False,False,,False,False,False,,False,False,False,False,False,,,,,
NKE.N,True,False,False,False,,,,,True,True,,,False,,False,False,False,,False,False,,,False,True,,True,True,False,,False,False,False,False,False,,,79.0,,
AES.N,False,False,False,False,,,,,True,False,,,False,,False,False,False,,False,False,,,False,False,,False,True,False,,False,False,True,False,False,,,,,
ELV.N,,,,,,,,,False,False,,,False,,False,False,False,,False,False,,,False,False,,False,False,False,,False,False,False,False,False,,,,,
GWW.N,False,False,False,False,,,,,True,False,,,True,,False,False,False,,False,False,,,False,False,True,False,True,False,,False,False,False,True,False,,7.0,,,
K.N,False,True,True,False,100.0,,,,False,False,,,False,,False,False,False,,False,False,,,False,True,False,False,False,True,,False,False,False,False,False,,,,,
K.N,False,True,True,False,83.0,,,,False,False,,,False,,False,False,False,,False,False,,,False,True,False,False,False,True,,False,False,False,False,False,,,,,
GOOGL.OQ,True,False,False,False,,,,,True,True,,,False,,False,False,False,,False,False,,,False,False,True,True,True,False,,False,False,True,False,True,,,,,
GM.N,True,False,False,False,,,,,True,True,,,False,,True,False,False,,False,False,,,False,False,True,True,True,False,,False,False,False,False,False,,,,7.83,
CCI.N,,,,,,,,,False,False,,,False,,False,False,False,,False,False,,,False,False,,False,False,False,,False,False,False,False,False,,,,,
COF.N,,,,,,,,,True,False,,,False,,False,False,False,True,True,False,,,False,False,,False,True,False,,False,False,True,False,False,,,,,
C.N,,,,,,,,,True,False,,,False,,False,False,True,True,True,False,,,False,False,,False,True,False,,False,False,True,False,False,,,,,
ODFL.OQ,,,,,,,,,False,False,,,False,,False,False,False,,False,False,,,False,False,,False,False,False,,False,False,False,False,False,,,,,
A.N,,,,,,,,,True,False,,,False,,False,False,False,,False,False,,,False,False,,True,True,False,,False,False,False,False,False,,,,,
MOH.N,,,,,,,,,False,False,,,False,,False,False,False,,False,False,,,False,False,,False,False,False,,False,False,False,False,False,,,,,
GS.N,,,,,,,,,True,False,,,False,,False,True,False,True,True,False,,,False,False,,False,True,False,,False,False,True,False,False,,,,,302900000000
MET.N,,,,,,,,,True,False,,,False,,False,True,False,True,True,False,,,False,False,,False,True,False,,False,False,True,False,False,,,,41.41,646800000000
WYNN.OQ,False,False,False,False,,,,,False,False,,,False,,False,False,False,,False,False,,,False,False,,False,False,False,,False,False,False,False,False,,,,,
PSA.N,,,,,,,,,False,False,,,False,,False,False,False,,False,False,,,False,False,,False,False,False,,False,False,False,False,False,,,,,
CPT.N,,,,,,,,,True,False,,,False,,False,False,False,,False,False,,,False,False,,False,True,False,,False,False,False,False,False,True,,,,
GDDY.N,,,,,,,,,False,False,,,False,,False,False,False,,False,False,,,False,False,False,False,False,False,,False,False,False,False,False,,,,,
MRNA.OQ,False,False,False,False,,,,,False,False,,,False,,False,False,False,,False,False,,,False,False,False,False,False,False,,False,True,False,False,False,,,,,
WDAY.OQ,False,False,False,False,,,,,True,False,,,False,,False,False,False,,False,False,,,False,False,True,False,True,False,,False,False,False,False,False,,,,,
BK.N,,,,,,,,,True,False,,,False,,False,True,False,True,True,False,,,False,False,,False,True,False,,False,False,True,False,False,,,,,
FAST.OQ,,,,,,,,,True,False,,,True,,False,False,False,,False,False,,,False,False,True,False,True,False,,False,False,False,True,True,,,,,
LDOS.N,,,,,,,,,True,False,,,False,,False,False,False,,False,False,,,False,False,True,False,True,False,,False,False,True,False,True,,,,,
ORLY.OQ,,,,,,,,,False,False,,,False,,False,False,False,,False,False,,,False,False,False,False,False,False,,False,False,False,False,False,,,,,
CSX.OQ,False,False,False,False,,,,,True,False,,,False,,False,False,False,,False,False,,,False,False,,False,True,False,,False,False,False,False,False,,,,,
CFG.N,,,,,,,,,True,False,,,False,,False,False,False,True,True,False,,,False,False,,False,True,False,,False,False,True,False,False,,,,,
NI.N,,,,,,,,,True,False,,,False,,False,False,False,,False,False,,,False,False,,False,True,False,,False,False,True,False,False,,,,,
MO.N,False,False,False,False,,,,,False,False,,,False,,False,False,False,,False,False,,,False,False,True,True,False,False,,False,True,False,False,False,,,,,
DD.N,True,False,False,False,,,,,True,False,,,False,,False,False,False,,False,False,,,False,False,True,False,True,True,,False,False,True,True,False,,,,,
AEP.OQ,False,False,False,False,,,,,True,False,,,False,,False,False,False,,False,True,21.12,,False,False,,False,True,False,,False,False,True,True,False,,,,,
HOLX.OQ,False,False,False,False,,,,,False,False,,,False,,False,False,False,,False,False,,,False,False,,True,False,False,,False,False,False,False,False,,,,,
BX.N,,,,,,,,,False,False,,,False,,False,True,False,False,False,False,,,False,False,,False,False,False,,False,False,False,False,False,True,,,,
BBY.N,False,False,False,False,,,,,True,False,,,False,,False,False,False,,False,False,,,False,False,True,True,True,False,,False,False,False,False,False,,,161000000.0,,
LHX.N,,,,,,,,,True,False,,,False,,False,False,False,,False,False,,,False,False,,False,True,False,,False,False,False,False,False,,,,,
APA.OQ,,,,,,,,,False,False,,,False,,False,False,False,,False,False,,,False,False,,False,False,False,,False,False,False,False,False,,,,,
IFF.N,,,,,,,,,True,True,,,False,,False,False,False,,False,False,,,False,True,True,False,True,True,,False,True,False,False,False,,,,,
CEG.OQ,,,,,,,,,False,False,,,False,,False,False,False,,False,True,65.02,,False,False,,False,False,False,,False,False,False,False,False,,,,,
STT.N,,,,,,,,,True,False,,,False,,False,True,False,True,True,False,,,False,False,,False,True,False,,False,False,True,False,False,,,,,
JCI.N,False,False,False,False,,,,,True,False,,,False,,True,False,False,,False,True,,,False,False,True,True,True,False,,False,False,True,True,True,,,,,
FE.N,False,False,False,False,,,,,True,False,,,False,,False,False,False,,False,True,,,False,False,,False,True,False,,False,False,False,False,False,,,,,
PNC.N,False,False,False,False,,45.0,,,True,False,,,False,,False,True,False,True,True,False,,,False,False,,False,True,False,,False,False,False,False,False,True,,,,3900000000
VZ.N,False,False,False,False,,,,,True,False,,,False,,False,False,False,,False,False,,,False,False,True,True,True,False,,False,False,False,True,True,,,17762.5915,,
NEM.N,,,,,,,,,False,False,,,False,,False,False,False,,False,False,,,False,False,,False,False,False,,False,False,False,False,False,,,,,
ROL.N,,,,,,,,,False,False,,,False,,False,False,False,,False,False,,,False,False,,False,False,False,,False,False,False,False,False,,,,,
KEY.N,,,,,,,,,True,False,,,False,,False,False,False,True,True,False,,,False,False,,False,True,False,,False,False,True,False,False,,,,,
GIS.N,True,True,True,False,100.0,,,,True,False,,,False,,False,False,False,,False,False,,,False,True,True,False,True,True,,False,False,False,False,False,,,,,
CMCSA.OQ,False,False,False,False,,,,,True,False,,,False,,False,False,False,,False,False,,,False,False,True,False,True,False,,False,False,False,False,False,True,,,,
VLTO.N,,,,,,,,,,,,,,,,,,,,,,,,,,,,,,,,,,,,,,,
PFE.N,False,False,False,False,,,,,False,False,,,False,,False,False,False,,False,False,,,False,False,False,False,False,False,,False,True,False,False,False,,,,,
EIX.N,False,False,False,False,,,,,True,False,,,False,,False,False,False,,False,True,,,False,False,,False,True,False,,False,False,True,False,True,,,,,
NWS.OQ,,,,,,,,,True,False,,,False,,False,False,False,,False,False,,,False,False,,False,True,False,,False,False,False,False,False,,,,,
MU.OQ,,,,,,,,,True,False,,,False,,False,False,False,,False,False,,,False,False,True,False,True,False,,False,False,False,False,False,,,,,
UPS.N,False,False,False,False,,,,,True,False,,,False,,False,False,False,,False,False,,,False,False,,False,True,False,,False,False,False,False,False,,,,,
SOLV.N,,,,,,,,,,,,,,,,,,,,,,,,,,,,,,,,,,,,,,,
TYL.N,False,False,False,False,,,,,False,False,,,False,,False,False,False,,False,False,,,False,False,False,False,False,False,,False,False,False,False,False,,,,,
UNP.N,False,False,False,False,,,,,False,False,,,False,,False,False,False,,False,False,,,False,False,,False,False,False,,False,False,False,False,False,,,,,
BAC.N,,,,,,,,,True,False,,,False,,False,True,True,True,True,False,,,False,False,,False,True,False,,False,False,True,False,False,,,,,55600000000
KMX.N,,,,,,,,,False,False,,,False,,False,False,False,,False,False,,,False,False,False,False,False,False,,False,False,False,False,False,,,,,
PARA.OQ,,,,,,,,,False,False,,,False,,False,False,False,,False,True,,,False,False,,False,False,False,,False,False,False,False,False,,,,,
IP.N,False,False,False,False,,,,,True,True,,,False,,False,False,False,,False,False,,79,False,False,,True,True,False,,False,False,False,False,False,,,,,
MDT.N,False,False,False,False,,,,,True,True,,,False,,False,False,False,,False,False,,,False,False,,True,True,False,,False,True,False,False,False,,,233.0,,
DPZ.OQ,,,,,,,,,False,False,,,False,,False,False,False,,False,False,,,False,False,,False,False,False,,False,False,False,False,False,,,,,
MMM.N,True,False,False,False,,,,,True,True,,,True,,False,False,False,,False,False,,,False,False,True,False,True,False,,False,True,True,True,True,,,,,
CZR.OQ,,,,,,,,,False,False,,,False,,False,False,False,,False,False,,,False,False,,False,False,False,,False,False,False,False,False,,,,,
UBER.N,False,False,False,False,,,,,True,False,,,False,,False,False,False,,False,False,,,False,False,True,False,True,False,,False,False,False,False,False,,,,,
INTU.OQ,False,False,False,False,,,,,True,False,,,False,,False,False,False,,False,False,,,False,False,,False,True,False,,False,False,False,False,False,,,,,
OKE.N,,,,,,,,,False,False,,,False,,False,False,False,,False,False,,,False,False,,False,False,False,,False,False,False,False,False,,,,,
ADP.OQ,,,,,,,,,False,False,,,False,,False,False,False,,False,False,,,False,False,False,False,False,False,,False,False,False,False,False,,,,,
EQIX.OQ,,,,,,,,,False,False,,,False,,False,False,False,,False,False,,,False,False,,False,False,False,,False,False,False,False,False,True,,,,
CHD.N,False,True,True,False,,,2025,2019,True,True,,,False,,False,False,False,,False,False,,,False,False,True,False,True,False,,False,True,False,False,False,,,,,
MTD.N,True,False,False,False,,,,,True,True,,,False,,False,False,False,,False,False,,,False,False,True,True,True,False,,False,False,True,True,False,,,,,
KDP.OQ,,,,,,,,,False,False,,,False,,False,False,False,,False,False,,,False,True,True,True,False,False,,False,False,False,False,False,,,,,
EBAY.OQ,,,,,,,,,False,False,,,False,,False,False,False,,False,False,,,False,False,False,False,False,False,,False,False,False,False,False,,,,,
PEG.N,,,,,,,,,True,False,,,False,,False,False,False,,False,True,56.66,,False,False,,False,True,False,,False,False,True,False,False,,,,,
BIIB.OQ,False,False,False,False,,,,,False,False,,,False,,False,False,False,,False,False,,,False,False,False,False,False,False,,False,True,False,False,False,,,,,
CTSH.OQ,,,,,,,,,False,False,,,False,,False,False,False,,False,False,,,False,False,False,False,False,False,,False,False,False,False,False,,,,,
ALB.N,,,,,,,,,True,False,,,False,,False,False,False,,False,False,,,False,False,,False,True,False,True,,True,False,False,False,,,,,
TRGP.N,,,,,,,,,False,False,,,False,,False,False,False,,False,False,,,False,False,,False,False,False,,False,False,False,False,False,,,,,
EXE.OQ,,,,,,,,,False,False,,,False,,False,False,False,,False,False,,,False,False,,False,False,False,,False,False,False,False,False,,,,,
NCLH.N,,,,,,,,,False,False,,,False,,False,False,False,,False,False,,,False,False,,False,False,False,,False,False,False,False,False,,,,,
PLTR.OQ,,,,,,,,,False,False,,,False,,False,False,False,,False,False,,,False,False,False,False,False,False,,False,False,False,False,False,,,,,
UDR.N,False,False,False,False,,0.0,,,True,True,,,False,,False,False,False,,False,False,,,False,False,,False,True,False,,False,False,False,False,False,True,,,,
DGX.N,,,,,,,,,False,False,,,False,,False,False,False,,False,False,,,False,False,,False,False,False,,False,False,False,False,False,,,,,
CBOE.Z,,,,,,,,,False,False,,,False,,False,False,False,False,False,False,,,False,False,,False,False,False,,False,False,False,False,False,,,,,
HIG.N,,,,,,,,,True,False,,,False,,False,False,False,False,False,False,,,False,False,,False,True,False,,False,False,True,False,False,,,,,
ACGL.OQ,False,False,False,False,,,,,True,False,,,False,,False,True,False,False,False,False,,,False,False,,False,True,False,,False,False,False,False,False,,,,,772000000
NDSN.OQ,,,,,,,,,True,False,,,False,,False,False,False,,False,False,,,False,False,True,False,True,False,,False,False,True,False,False,,,,,
VRSK.OQ,,,,,,,,,True,False,,,False,,False,False,False,,False,False,,,False,False,True,False,True,False,,False,False,False,False,False,,,,,
GEV.N,,,,,,,,,,,,,,,,,,,,,,,,,,,,,,,,,,,,,,,
AMT.N,False,False,False,False,,,,,False,False,,,False,,False,False,False,,False,False,,,False,False,,False,False,False,,False,False,False,False,False,,,,,
KMB.OQ,,,,,,,,,True,True,,,False,,False,False,False,,False,False,,100,True,False,True,True,True,False,,False,True,False,False,False,,,,,
PYPL.OQ,False,False,False,False,,,,,False,False,,,False,,False,False,False,,False,False,,,False,False,,False,False,False,,False,False,False,False,False,,,,,
CAG.N,,,,,,,,,True,False,,,False,,False,False,False,,False,False,,,False,True,True,False,True,True,,False,False,False,False,False,,,,,
UHS.N,,,,,,,,,False,False,,,False,,False,False,False,,False,False,,,False,False,,False,False,False,,False,False,False,False,False,,,,,
SYF.N,,,,,,,,,False,False,,,False,,False,False,False,False,False,False,,,False,False,,False,False,False,,False,False,False,False,False,,,,,
WAT.N,,,,,,,,,True,True,,,False,,True,False,False,,False,False,,,False,False,,False,True,False,,False,False,False,True,False,,,,,
INCY.OQ,,,,,,,,,False,False,,,False,,False,False,False,,False,False,,,False,False,False,False,False,False,,False,True,False,False,False,,,,,
LRCX.OQ,,,,,,,,,True,True,,,False,,False,False,False,,False,False,,,False,False,True,True,True,False,,False,False,False,False,False,,,,,
IDXX.OQ,False,False,False,False,,,,,True,False,,,False,,False,False,False,,False,False,,,False,False,,True,True,False,,False,False,False,True,False,,,23.0,,
PPG.N,,,,,,,,,True,True,,,False,,False,False,False,,False,False,,,False,False,,False,True,False,,False,True,False,False,True,,38.0,,,
LKQ.OQ,False,False,False,False,,,,,True,False,,,False,,True,False,False,,False,False,,,False,False,True,True,True,False,,False,False,False,False,False,,,,,
BG.N,,,,,,,,,True,False,,,False,,False,False,False,,False,False,,,False,True,True,False,True,False,True,,False,False,False,False,,,,,
EOG.N,,,,,,,,,False,False,,,False,,False,False,False,,False,False,,,False,False,,False,False,False,,False,False,False,False,False,,,,,
MAR.OQ,False,False,False,False,,,,,False,False,,,False,,False,False,False,,False,False,,,False,False,,False,False,False,,False,False,False,False,False,True,,,,
TJX.N,,,,,,,,,True,False,,,False,,False,False,False,,False,False,,,False,True,True,True,True,False,,False,False,False,False,False,,,,,
MNST.OQ,,,,,,,,,False,False,,,False,,False,False,False,,False,False,,,False,False,False,False,False,False,,False,False,False,False,False,,,,,
VMC.N,,,,,,,,,True,True,,,False,,False,False,False,,False,False,,,False,False,,False,True,False,,False,False,False,True,False,,,,,
EW.N,False,False,False,False,,,,,False,False,,,False,,False,False,False,,False,False,,,False,False,,False,False,False,,False,False,False,False,False,,,,,
ALL.N,,,,,,,,,True,False,,,False,,False,True,False,True,True,False,,,False,False,,False,True,False,,False,False,True,False,False,,,,,
BMY.N,False,False,False,False,,,,,False,False,,,False,,False,False,False,,False,False,,,False,False,True,True,False,False,,False,True,False,False,False,,,,,
VST.N,,,,,,,,,True,False,,,False,,False,False,False,,False,True,11.8066,,False,False,,False,True,False,,False,False,True,False,False,,,,0.3,
APH.N,True,False,False,False,,,,,True,False,,,False,,True,False,False,,False,False,,,False,False,True,False,True,False,,False,False,False,False,False,,,,,
HON.OQ,True,False,False,False,,,,,True,True,,,True,,False,False,False,,False,True,,,False,False,True,False,True,False,,False,False,True,True,True,,,,,
GPC.N,,,,,,,,,True,True,,,False,,False,False,False,,False,False,,,False,False,True,True,True,False,,False,False,False,False,False,,,,,
MHK.N,,,,,,,,,True,True,,,False,,False,False,False,,False,False,,,True,False,,True,True,False,,False,False,False,False,True,,,,,
MCHP.OQ,,,,,,,,,True,False,,,False,,False,False,False,,False,False,,,False,False,True,False,True,False,,False,False,True,False,True,,,,,
CAT.N,False,False,False,False,,,,,True,True,,,False,,True,False,False,,False,False,,,False,False,True,True,True,False,,False,False,True,False,False,,,140.0,,
PG.N,True,True,True,False,100.0,,,,True,False,,,False,,False,False,False,,False,False,,100,True,False,True,False,True,False,,False,True,False,False,False,,,,,
ZTS.N,,,,,,,,,False,False,,,False,,False,False,False,,False,False,,,False,False,False,False,False,False,,False,True,False,False,False,,,,,
STE.N,,,,,,,,,True,True,,,False,,False,False,False,,False,False,,,False,False,,False,True,False,,False,False,False,True,False,,,,,
TPL.N,,,,,,,,,False,False,,,False,,False,False,False,,False,False,,,False,False,,False,False,False,,False,False,False,False,False,,,,,
BKR.OQ,False,False,False,False,,,,,True,False,,,False,,False,False,False,,False,False,,,False,False,,True,True,False,,False,False,True,True,False,,,,,
AFL.N,,,,,,,,,False,False,,,False,,False,False,False,False,False,False,,,False,False,,False,False,False,,False,False,False,False,False,,,,,
PTC.OQ,,,,,,,,,False,False,,,False,,False,False,False,,False,False,,,False,False,False,False,False,False,,False,False,False,False,False,,,,,
FITB.OQ,,,,,,,,,True,False,,,False,,False,False,False,True,True,False,,,False,False,,False,True,False,,False,False,True,False,False,,,,,
MSI.N,False,False,False,False,,,,,True,True,,,False,,False,False,False,,False,False,,,False,False,True,True,True,False,,False,False,False,False,False,,,155.0,,
XEL.OQ,True,False,False,False,,,,,True,False,,,False,,False,False,False,,False,True,13.0,,False,False,,False,True,False,,False,False,True,False,False,,,,36.0,
HSIC.OQ,,,,,,,,,True,True,,,False,,False,False,False,,False,False,,,False,False,,False,True,False,,False,False,False,False,False,,,,,
ITW.N,,,,,,,,,True,False,,,True,,False,False,False,,False,False,,,False,False,True,False,True,False,,False,False,True,False,False,,,,,
WST.N,,,,,,,,,False,False,,,False,,False,False,False,,False,False,,,False,False,,False,False,False,,False,True,False,False,False,,,,,
DASH.OQ,,,,,,,,,False,False,,,False,,False,False,False,,False,False,,,False,False,False,False,False,False,,False,False,False,False,False,,,,,
APTV.N,,,,,,,,,True,False,,,False,,True,False,False,,False,False,,,False,False,True,False,True,False,,False,False,False,False,False,,74.27,,,
MPC.N,,,,,,,,,True,False,,,False,,False,False,False,,False,False,,,False,False,,False,True,False,,False,False,False,False,False,,,,,
PGR.N,,,,,,,,,False,False,,,False,,False,False,False,False,False,False,,,False,False,,False,False,False,,False,False,False,False,False,,,,,
ICE.N,,,,,,,,,True,False,,,False,,False,False,False,False,False,False,,,False,False,,False,True,False,,False,False,True,False,False,,,,,
SWKS.OQ,False,False,False,False,,,,,True,False,,,False,,False,False,False,,False,False,,,False,False,True,False,True,False,,False,False,False,False,True,,,,,
ABNB.OQ,,,,,,,,,False,False,,,False,,False,False,False,,False,False,,,False,False,False,False,False,False,,False,False,False,False,False,,,,,
EL.N,True,True,True,False,100.0,,,,True,True,,,False,,False,False,False,,False,False,,89,True,True,True,True,True,False,,False,True,False,False,False,,,,,
TSLA.OQ,True,False,False,False,,,,,True,False,,,False,,True,False,False,,False,False,,,False,False,True,True,True,False,,False,False,True,False,False,,,,,
EXR.N,,,,,,,,,False,False,,,False,,False,False,False,,False,False,,,True,False,,False,False,False,,False,False,False,False,False,True,,,,
SPGI.N,False,False,False,False,,,,,True,False,,,False,,False,False,False,,False,False,,,False,False,,False,True,False,,False,False,False,False,False,,1.687,,,
KKR.N,,,,,,,,,False,False,,,False,,False,True,False,False,False,False,,,False,False,,False,False,False,,False,False,False,False,False,,,,,
ADBE.OQ,False,False,False,False,,81.0,,,True,False,,,False,,False,False,False,,False,False,,,False,False,True,False,True,False,,False,False,False,False,False,True,,,,
ADSK.OQ,False,False,False,False,,,,,True,False,,,False,,True,False,False,,False,False,,,False,False,True,True,True,False,,False,False,True,True,True,,,,,
FOXA.OQ,False,False,False,False,,,,,False,False,,,False,,False,False,False,,False,False,,,False,False,,False,False,False,,False,False,False,False,False,,,,,
TT.N,,,,,,,,,True,False,,,False,,False,False,False,,False,False,,,False,False,True,True,True,False,,False,False,True,False,False,,35.0,,,
TSN.N,,,,,,,,,False,False,,,False,,False,False,False,,False,False,,,False,True,False,False,False,True,,False,False,False,False,False,,,,,
AKAM.OQ,,,,,,,,,True,False,,,False,,False,False,False,,False,False,,,False,False,True,False,True,False,,False,False,True,True,False,,,,,
LUV.N,False,False,False,False,,,,,False,False,,,False,,False,False,False,,False,False,,,False,False,,False,False,False,,False,False,False,False,False,,,,,
INVH.N,False,False,False,False,,,,,False,False,,,False,,False,False,False,,False,False,,,False,False,,False,False,False,,False,False,False,False,False,,,,,
TSCO.OQ,False,False,False,False,,,,,True,False,,,False,,False,False,False,,False,False,,,False,True,True,True,True,False,True,False,False,False,False,False,,,,,
AON.N,False,False,False,False,,,,,False,False,,,False,,False,True,False,False,False,False,,,False,False,,False,False,False,,False,False,False,False,False,,,,,273000000
AMZN.OQ,True,False,False,False,,,,,True,False,,,False,,False,False,False,,False,False,,,False,True,True,True,True,False,,False,False,False,False,False,,,,,
MS.N,False,False,False,False,,,,,True,False,,,False,,False,True,False,True,True,False,,,False,False,,False,True,False,,False,False,True,False,False,True,,,,
BRKb.N,False,False,False,False,,,,,True,False,,,False,,False,False,False,,False,True,,,False,False,True,False,True,True,,False,False,True,True,False,,,,,
GOOG.OQ,True,False,False,False,,,,,True,True,,,False,,False,False,False,,False,False,,,False,False,True,True,True,False,,False,False,True,False,True,,,,,
KR.N,,,,,,,,,True,False,,,False,,False,False,False,,False,False,,,False,True,,True,True,False,,False,False,False,False,False,,,,,
BKNG.OQ,False,False,False,False,,,,,True,False,,,False,,False,False,False,,False,False,,,False,False,,False,True,False,,False,False,False,False,False,,,,,
STZ.N,,,,,,,,,False,False,,,False,,False,False,False,,False,False,,,False,True,False,False,False,False,,False,False,False,False,False,,,,,
WBD.OQ,,,,,,,,,False,False,,,False,,False,False,False,,False,False,,,False,False,,False,False,False,,False,False,False,False,False,,,,,
ABBV.N,False,False,False,False,,,,,False,False,,,False,,False,False,False,,False,False,,,False,False,True,True,False,False,,False,True,False,False,False,,,,,
STLD.OQ,,,,,,,,,False,False,,,False,,False,False,False,,False,False,,,False,False,,False,False,False,,False,False,False,False,False,,,,,
MA.N,False,False,False,False,,,,,True,False,,,False,,False,False,False,,False,False,,,False,False,True,False,True,False,,False,False,False,False,False,,,,,
XOM.N,True,False,False,False,,,,,False,False,,,False,,False,False,False,,False,False,,,False,False,,False,False,False,True,False,False,False,False,False,,,,,
SWK.N,,,,,,,,,True,True,,,True,,True,False,False,,False,False,,,False,False,True,True,True,False,,False,False,True,False,False,,,,,
SWK.N,,,,,,,,,True,True,,,True,,True,False,False,,False,False,,,False,False,True,True,True,False,,False,False,True,False,False,,,,,
FICO.N,,,,,,,,,False,False,,,False,,False,False,False,,False,False,,,False,False,False,False,False,False,,False,False,False,False,False,,,,,
HRL.N,,,,,,,,,False,False,,,False,,False,False,False,,False,False,,,False,True,False,False,False,True,,False,False,False,False,False,,,,,
INTC.OQ,False,False,False,False,,,,,True,True,,,False,,False,False,False,,False,False,,,False,False,True,True,True,False,,False,False,True,False,False,,,,,
TRMB.OQ,,,,,,,,,True,False,,,True,,False,False,False,,False,False,,,False,False,True,True,True,False,,False,False,True,True,False,,,,,
WBA.OQ,False,True,True,False,100.0,,,,True,True,,,False,,False,False,False,,False,False,,,False,True,,False,True,False,,False,True,False,False,False,,,,,
OMC.N,,,,,,,,,False,False,,,False,,False,False,False,,False,False,,,False,False,,False,False,False,,False,False,False,False,False,,,,,
GLW.N,,,,,,,,,True,False,,,False,,False,False,False,,False,False,,,False,False,True,True,True,False,,False,False,False,False,False,,,,,
CRM.N,False,False,False,False,,,,,True,False,,,False,,False,False,False,,False,False,,,False,False,True,False,True,False,,False,False,False,False,False,,,,,
SBUX.OQ,False,True,False,False,62.25,,,,True,False,,,False,,False,False,False,,False,False,,,False,True,,True,True,False,,False,False,False,False,False,,,,,
ATO.N,,,,,,,,,True,False,,,False,,False,False,False,,False,False,,,False,False,,False,True,False,,False,False,True,False,False,,,,,
ETR.N,,,,,,,,,True,False,,,False,,False,False,False,,False,True,21.44,,False,False,,False,True,False,,False,False,True,False,False,,,,,
HAL.N,,,,,,,,,True,False,,,False,,True,False,False,,False,False,,,False,False,,False,True,False,,False,False,True,True,False,,,,,
TFC.N,False,False,False,False,,,,,True,False,,,False,,False,False,False,True,True,False,,,False,False,,False,True,False,,False,False,True,False,False,,,,,
TAP.N,,,,,,,,,False,False,,,False,,False,False,False,,False,False,,,False,False,False,False,False,True,,False,False,False,False,False,,,,,
ABT.N,True,False,False,False,,,,,True,True,,,False,,False,False,False,,False,False,,,False,True,,True,True,False,,False,True,False,False,False,,,,,
V.N,False,False,False,False,,,,,False,False,,,False,,False,False,False,,False,False,,,False,False,False,False,False,False,,False,False,False,False,False,,,,,
YUM.N,False,True,False,False,,,,,False,False,,,False,,False,False,False,,False,False,,,False,False,,False,False,True,,False,False,False,False,False,,,,,
LYV.N,False,False,False,False,,,,,False,False,,,False,,False,False,False,,False,False,,,False,False,,False,False,False,,False,False,False,False,False,,,,,
CPB.OQ,False,True,True,False,100.0,,,,False,False,,,False,,False,False,False,,False,False,,,False,True,False,False,False,True,,False,False,False,False,False,,,,,
EG.N,,,,,,,,,False,False,,,False,,False,False,False,False,False,False,,,False,False,,False,False,False,,False,False,False,False,False,,,,,
FTNT.OQ,False,False,False,False,,,,,True,False,,,False,,False,False,False,,False,False,,,False,False,True,True,True,False,,False,False,False,False,False,,,,,
DTE.N,,,,,,,,,True,False,,,False,,False,False,False,,False,True,22.77,,False,False,,False,True,False,,False,False,True,False,False,,,,,
HST.OQ,,,,,,,,,True,False,,,False,,False,True,False,,False,False,,,False,False,,False,True,False,,False,False,True,False,False,True,,,,
IRM.N,False,False,False,False,,,,,True,False,,,False,,False,False,False,,False,False,,,False,False,,False,True,False,,False,False,False,False,False,,,,,
DOC.N,,,,,,,,,True,False,,,False,,False,False,False,,False,False,,,False,False,,False,True,False,,False,False,False,False,False,True,,,,
FIS.N,,,,,,,,,False,False,,,False,,False,False,False,,False,False,,,False,False,,False,False,False,,False,False,False,False,False,True,,,,
DAL.N,True,False,False,False,,,,,False,False,,,False,,False,False,False,,False,False,,,False,False,,False,False,False,,False,False,False,False,False,,,,,
ROK.N,False,False,False,False,,,,,True,False,,,False,,True,False,False,,False,False,,,False,False,True,True,True,False,,False,False,True,False,False,,,,,
DOW.N,,,,,,,,,True,True,,,False,,True,False,False,,False,False,,34,True,False,,True,True,False,True,False,False,True,False,True,,,,,
PPL.N,,,,,,,,,False,False,,,False,,False,False,False,,False,False,,,False,False,,False,False,False,,False,False,False,False,False,,,,,
NTRS.OQ,False,False,False,False,,,,,True,False,,,False,,False,True,False,False,False,False,,,False,False,,False,True,False,,False,False,False,False,False,,,,,168800000000
ETN.N,,,,,,,,,True,True,26900.3464438557,528000000,True,,True,False,False,,False,False,,,False,False,True,True,True,False,,False,False,True,True,True,,,,,
CVX.N,False,False,False,False,,,,,True,False,,,False,,False,False,False,,False,False,,,False,False,,False,True,False,,False,True,False,False,False,,,,,
CI.N,False,False,False,False,,9.0,,,False,False,,0,False,,False,False,False,,False,False,,,False,False,,False,False,False,,False,False,False,False,False,True,,,,
ACN.N,True,False,False,False,,,,,True,False,,,False,,False,False,False,,False,False,,,False,False,True,False,True,False,,False,False,False,False,False,,,,,
CRWD.OQ,,,,,,,,,False,False,,,False,,False,False,False,,False,False,,,False,False,False,False,False,False,,False,False,False,False,False,,,,,
PANW.OQ,,,,,,,,,False,False,,,False,,False,False,False,,False,False,,,False,False,False,False,False,False,,False,False,False,False,False,,,,,
XYL.N,True,False,False,False,,,,,True,True,,,False,,False,False,False,,False,False,,,False,False,True,True,True,False,,False,False,False,True,False,,,,,
HAS.OQ,False,False,False,False,,,,,False,False,,,False,,False,False,False,,False,False,,,False,False,,False,False,False,,False,False,False,False,False,,,,,
ENPH.OQ,True,False,False,False,,,,,True,False,,,False,,False,False,False,,False,False,,,False,False,,False,True,False,,False,False,True,False,True,,,,,
SO.N,,,,,,,,,True,False,,,False,,False,False,False,,False,True,16.0,,False,False,,False,True,False,,False,False,False,False,True,,,,,
LII.N,,,,,,,,,True,False,,,False,,False,False,False,,False,False,,,False,False,True,False,True,False,,False,False,False,False,True,,,,,
EQT.N,,,,,,,,,False,False,,,False,,False,False,False,,False,False,,,False,False,,False,False,False,,False,False,False,False,False,,,,,
NRG.N,,,,,,,,,True,False,,,False,,False,False,False,,False,True,17.57,,False,False,,False,True,False,,False,False,True,False,True,,,,,
MKTX.OQ,False,False,False,False,,,,,False,False,,,False,,False,False,False,False,False,False,,,False,False,,False,False,False,,False,False,False,False,False,,,,,
APO.N,,,,,,,,,True,False,,,False,,False,False,False,,False,False,,,False,False,,False,True,False,,False,False,True,False,False,,,,,
LMT.N,True,False,False,False,,,,,True,False,,,True,,False,False,False,,False,True,,,False,False,,False,True,False,,False,False,True,True,False,,,,,
DLR.N,False,False,False,False,,11.84,,,True,False,,,False,,False,False,False,,False,False,,,False,False,,False,True,False,,False,False,False,False,False,True,,,,
PSX.N,,,,,,,,,True,False,,,True,,False,False,False,,False,False,,,False,False,,False,True,False,True,False,False,True,False,False,,,,,
SCHW.N,,,,,,,,,False,False,,,False,,False,False,False,False,False,False,,,False,False,,False,False,False,,False,False,False,False,False,True,,,,
SNPS.OQ,,,,,,,,,True,True,,,False,,False,False,False,,False,False,,,False,False,True,False,True,False,,False,False,False,False,False,,,,,
J.N,,,,,,,,,True,True,,,False,,False,False,False,,False,True,,,False,False,,False,True,False,,False,False,False,True,True,True,,,,
AVY.N,,,,,,,,,True,True,,,True,,False,False,False,,False,False,,91,True,False,,False,True,False,,False,False,False,False,False,,,,,
AVY.N,False,False,False,False,,,,,True,True,,,True,,False,False,False,,False,False,,94,True,False,,False,True,False,,False,False,False,False,False,,,,,
