Instrument,Greenwashing Fines Controversies Count,Recent Greenwashing Fines Controversies Count,Military Weapons or Personnel Revenue,Chemical or Biological Weapons,Firearms Producer Revenue,Nuclear Weapons,Firearms Retailer Revenue,Military Weapons or Personnel,Alcohol Producer Revenue,Firearms Producer,Alcohol Retailer Revenue,Firearms Retailer,Tobacco Producer Revenue,Adult Entertainment Producer,Tobacco Retailer Revenue,Adult Entertainment Retailer,Military Weapons or Personnel Revenue Percent,Alcohol Producer,Gambling Operator and Producer Revenue,Tobacco Producer,Firearms Producer Revenue Percent,Gambling Operator and Producer,Gambling Retailer Revenue,Gambling Retailer,Firearms Retailer Revenue Percent,Thermal Coal Producer,Thermal Coal Producer Revenue,Thermal Coal-fired Power Generation,Alcohol Producer Revenue Percent,Nuclear Power Generation,Thermal Coal-fired Power Generation Revenue,Uranium Mining and Processing,Alcohol Retailer Revenue Percent,Oil and Gas Producer,Nuclear Power Generation Revenue,Oil Sands Producer,Tobacco Producer Revenue Percent,Arctic Oil Producer,Uranium Mining and Processing Revenue,Oil and Gas Processing and Distribution,Tobacco Retailer Revenue Percent,Oil and Gas-fired Power Generation,Gambling Operator and Producer Revenue Percent,Oilfield Services,Oil and Gas Producer Revenue,Gambling Retailer Revenue Percent,Thermal Coal Producer Revenue Percent,Oil Sands Producer Revenue,Thermal Coal-fired Power Generation Revenue Percent,Nuclear Power Generation Revenue Percent,Arctic Oil Producer Revenue,Uranium Mining and Processing Revenue Percent,Oil and Gas Producer Revenue Percent,"Oil and Gas Processing, Transportation and Distribution Revenue",Oil Sands Producer Revenue Percent,Arctic Oil Producer Revenue Percent,Oil and Gas-fired Power Generation Revenue,Oil and Gas Processing Transportation and Distribution Revenue Percent,Oil and Gas-fired Power Generation Revenue Percent,Oilfield Services Revenue,Oilfield Services Revenue Percent,Chemical or Biological Weapons Ownership Percent,Cluster Munitions Ownership Percent,Anti-Personnel Landmines Ownership Percent,Nuclear Weapons Ownership Percent,Military Weapons or Personnel Ownership Percent,Oil and Gas Producer Ownership Percent,Firearms Producer Ownership Percent,Oil Sands Producer Ownership Percent,Firearms Retailer Ownership Percent,Arctic Oil Producer Ownership Percent,Adult Entertainment Producer Ownership Percent,Adult Entertainment Retailer Ownership Percent,Alcohol Producer Ownership Percent,Oil and Gas Processing and Distribution Ownership Percent,Alcohol Retailer Ownership Percent,Oil and Gas-fired Power Generation Ownership Percent,Tobacco Producer Ownership Percent,Oilfield Services Ownership Percent,Tobacco Retailer Ownership Percent,Gambling Operator and Producer Ownership Percent,Gambling Retailer Ownership Percent,Thermal Coal Producer Ownership Percent,Thermal Coal-fired Power Generation Ownership Percent,Nuclear Power Generation Ownership Percent,Uranium Mining and Processing Ownership Percent,Policy Customer Health & Safety,Policy Data Privacy,Policy Responsible Marketing,Policy Fair Trade,Product Responsibility Monitoring,Quality Mgt Systems,ISO 9000,Six Sigma and Quality Mgt Systems,QMS Certified Percent,Customer Satisfaction,Product Access Low Price,Healthy Food or Products,Embryonic Stem Cell Research,Retailing Responsibility,Alcohol,Alcohol Revenues,Alcohol 5% Revenues,Gambling,Gambling Revenues,Gambling 5% Revenues,Tobacco,Tobacco Revenues,Tobacco 5% Revenues,Armaments,Armaments Revenues,Armaments 5% Revenues,Nuclear 5% Revenues,Pornography,Contraceptives,Obesity Risk,Cluster Munitions,Anti-Personnel Landmines,Abortifacients,Consumer Complaints Controversies,Product Quality Controversies,Responsible Marketing Controversies,Drug Delay,Consumer Complaints Controversies Count,Controversies Customer Health & Safety,Controversies Responsible R&D,Controversies Privacy,Controversies Responsible Marketing,Controversies Product Access,FDA Warning Letters,Product Delays,Not Approved Drug,Product Recall,Recent Consumer Controversies,Recent Customer Health & Safety Controversies,Recent Privacy Controversies,Recent Responsible Marketing Controversies,Recent Product Access Controversies,Recent Responsible R&D Controversies,Recent FDA Warning Letters,Firearms,Revenues from Healthy Food or Products,Pork Products,Revenues from Pork Products,Alcohol Retailing,Tobacco Retailing,Policy Cyber Security
STAN.L,,,,False,,False,,False,,False,,False,,False,,False,,False,,False,,False,,False,,False,,False,,False,,False,,False,,False,,False,,False,,False,,False,,,,,,,,,,,,,,,,,,,,,,,,,,,,,,,,,,,,,,,,,,,False,True,False,False,True,True,True,False,,,True,False,False,False,False,,,False,,,False,,,False,,,,False,False,False,False,False,,True,False,False,,2,,,,,,,,,False,,,,,,,,False,,False,,False,False,True
CCEPC.L,,,,False,,False,,False,,False,,False,,False,,False,,False,,False,,False,,False,,False,,False,,False,,False,,False,,False,,False,,False,,False,,False,,,,,,,,,,,,,,,,,,,,,,,,,,,,,,,,,,,,,,,,,,,True,True,True,False,False,True,True,False,,,False,True,False,False,True,,,False,,,False,,,False,,,,False,False,False,False,False,,False,False,False,,,,,,,,,,,False,,,,,,,,False,,False,,False,False,True
CRDA.L,,,,False,,False,,False,,False,,False,,False,,False,,False,,False,,False,,False,,False,,False,,False,,False,,False,,False,,False,,False,,False,,False,,,,,,,,,,,,,,,,,,,,,,,,,,,,,,,,,,,,,,,,,,,True,True,False,False,False,True,True,False,100,,False,True,False,False,False,,,False,,,False,,,False,,,,False,False,False,False,False,,False,False,False,,,,,,,,,,,False,,,,,,,,False,35.21812,False,,False,False,True
ANTO.L,,,,False,,False,,False,,False,,False,,False,,False,,False,,False,,False,,False,,False,,False,,False,,False,,False,,False,,False,,False,,False,,False,,,,,,,,,,,,,,,,,,,,,,,,,,,,,,,,,,,,,,,,,,,False,False,False,False,False,False,False,False,,,False,False,False,False,False,,,False,,,False,,,False,,,,False,False,False,False,False,,False,False,False,,,,,,,,,,,False,,,,,,,,False,,False,,False,False,False
EZJ.L,,,,False,,False,,False,,False,,False,,False,,False,,False,,False,,False,,False,,False,,False,,False,,False,,False,,False,,False,,False,,False,,False,,,,,,,,,,,,,,,,,,,,,,,,,,,,,,,,100%,,,,,,,,,,,True,True,False,False,False,False,False,False,,75.0,False,False,False,False,False,,,False,,,False,,,False,,,,False,False,False,False,False,,True,True,False,,1,,,1,,,,,,False,,,,,,,,False,,True,,True,False,False
BNZL.L,,,,False,,False,,False,,False,,False,,False,,False,,False,,False,,False,,False,,False,,False,,False,,False,,False,,False,,False,,False,,False,,False,,,,,,,,,,,,,,,,,,,,,,,,,,,,,,,,,,,,,,,,,,,False,False,False,False,False,False,False,False,,,False,False,False,False,False,,,False,,,False,,,False,,,,False,False,False,False,False,,False,False,False,,,,,,,,,,,False,,,,,,,,False,,False,,False,False,False
SGE.L,,,,False,,False,,False,,False,,False,,False,,False,,False,,False,,False,,False,,False,,False,,False,,False,,False,,False,,False,,False,,False,,False,,,,,,,,,,,,,,,,,,,,,,,,,,,,,,,,,,,,,,,,,,,False,True,False,False,False,False,False,False,,,False,False,False,False,False,,,False,,,False,,,False,,,,False,False,False,False,False,,False,False,False,,,,,,,,,,,False,,,,,,,,False,,False,,False,False,True
SVT.L,,,,False,,False,,False,,False,,False,,False,,False,,False,,False,,False,,False,,False,,False,,False,,False,,False,,False,,False,,False,,False,,False,,,,,,,,,,,,,,,,,,,,,,,,,,,,,,,,,,,,,,,,,,,False,True,False,False,False,False,False,False,,85.0,False,False,False,False,False,,,False,,,False,,,False,,,,False,False,False,False,False,,False,False,False,,,,,,,,,,,False,,,,,,,,False,,False,,False,False,False
LMPL.L,,,,False,,False,,False,,False,,False,,False,,False,,False,,False,,False,,False,,False,,False,,False,,False,,False,,False,,False,,False,,False,,False,,,,,,,,,,,,,,,,,,,,,,,,,,,,,,,,,,,,,,,,,,,False,True,False,False,False,,False,False,,80.0,False,False,False,False,False,,,False,,,False,,,False,,,,False,False,False,False,False,,False,False,False,,,,,,,,,,,False,,,,,,,,False,,False,,False,False,False
ICAG.L,,,,False,,False,,False,,False,,False,,False,,False,,False,,False,,False,,False,,False,,False,,False,,False,,False,,False,,False,,False,,False,,False,,,,,,,,,,,,,,,,,,,,,,,,,,,,,,,,,,,,,,,,,,,False,True,False,False,False,False,False,False,,,False,False,False,False,False,,,False,,,False,,,False,,,,False,False,False,False,False,,False,True,False,,,,,5,,,,,,False,,,,,,,,False,,False,,False,False,False
REL.L,,,,False,,False,,False,,False,,False,,False,,False,,False,,False,,False,,False,,False,,False,,False,,False,,False,,False,,False,,False,,False,,False,,,,,,,,,,,,,,,,,,,,,,,,,,,,,,,,,,,,,,,,,,,False,True,False,False,False,False,False,False,,,False,False,False,False,False,,,False,,,False,,,False,,,,False,False,False,False,False,,False,False,False,,,,,,,,,,,False,,,,,,,,False,,False,,False,False,True
SMIN.L,,,,False,,False,,False,,False,,False,,False,,False,,False,,False,,False,,False,,False,,False,,False,,False,,False,,False,,False,,False,,False,,True,,,,,,,,,,,,,,,,,,,,,,,,,,,,,,,,,,,>50% to 100%,,,,,,,,False,True,False,False,True,True,False,True,,,False,False,False,False,False,,,False,,,False,,,True,,,,False,False,False,False,False,,False,False,False,,,,,,,,,,,False,,,,,,,,False,,False,,False,False,True
BAB.L,,,,False,,False,,False,,False,,False,,False,,False,,False,,False,,False,,False,,False,,False,,False,,False,,False,,False,,False,,False,,False,,False,,,,,,,,,,,,,,,,,,,,,,,,,,,,,,,,,,,,,,,,,,,False,True,False,False,False,False,False,False,,,False,False,False,False,False,,,False,,,False,,,True,2386350000,True,True,False,False,False,False,False,,False,False,False,,,,,,,,,,,False,,,,,,,,False,,False,,False,False,True
AZN.L,,,,False,,False,,False,,False,,False,,False,,False,,False,,False,,False,,False,,False,,False,,False,,False,,False,,False,,False,,False,,False,,False,,,,,,,,,,,,,,,,,,,,,,,,,,,,,,,,,,,,,,,,,,,True,True,False,False,True,True,False,True,,,True,False,True,False,False,,,False,,,False,,,False,,,,False,False,False,False,False,,False,False,False,,,,,,,,,,1,False,,,,,,,,False,,False,,False,False,True
HSBA.L,,,,False,,False,,False,,False,,False,,False,,False,,False,,False,,False,,False,,False,,False,,False,,False,,False,,False,,False,,False,,False,,False,,,,,,,,,,,,,,,,,,,,,,,,,,,,,,,,,,,,,,,,,,,False,True,False,False,False,False,False,False,,,False,False,False,False,False,,,False,,,False,,,False,,,,False,False,False,False,False,,True,False,False,,2,,,,,,,,,False,,,,,,,,False,,False,,False,False,True
CTEC.L,,,,False,,False,,False,,False,,False,,False,,False,,False,,False,,False,,False,,False,,False,,False,,False,,False,,False,,False,,False,,False,,False,,,,,,,,,,,,,,,,,,,,,,,,,,,,,,,,,,,,,,,,,,,True,True,False,False,True,True,False,True,,,False,True,False,False,False,,,False,,,False,,,False,,,,False,False,False,False,False,,False,False,False,,,,,,,,,,,False,,,,,,,,False,,False,,False,False,True
WPP.L,,,,False,,False,,False,,False,,False,,False,,False,,False,,False,,False,,False,,False,,False,,False,,False,,False,,False,,False,,False,,False,,False,,,,,,,,,,,,,,,,,,,,,,,,,,,,,,,,,,,,,,,,,,,False,True,True,False,False,False,False,False,,81.0,False,False,False,False,False,,,False,,,False,,,False,,,,False,False,False,False,False,,False,False,False,,,,,,,,,,,False,,,,,,,,False,,False,,False,False,True
FRES.L,,,,False,,False,,False,,False,,False,,False,,False,,False,,False,,False,,False,,False,,False,,False,,False,,False,,False,,False,,False,,False,,False,,,,,,,,,,,,,,,,,,,,,,,,,,,,,,,,,,,,,,,,,,,False,True,False,False,False,False,False,False,,,False,False,False,False,False,,,False,,,False,,,False,,,,False,False,False,False,False,,False,False,False,,,,,,,,,,,False,,,,,,,,False,,False,,False,False,True
AAF.L,,,,,,,,,,,,,,,,,,,,,,,,,,,,,,,,,,,,,,,,,,,,,,,,,,,,,,,,,,,,,,,,,,,,,,,,,,,,,,,,,,,,,,,,,,,,,,,,,,,,,,,,,,,,,,,,,,,,,,,,,,,,,,,,,,,,,,,,,,,,,,,,,,,
HWDN.L,,,,False,,False,,False,,False,,False,,False,,False,,False,,False,,False,,False,,False,,False,,False,,False,,False,,False,,False,,False,,False,,False,,,,,,,,,,,,,,,,,,,,,,,,,,,,,,,,,,,,,,,,,,,True,True,False,False,False,False,False,False,,,False,True,False,False,False,,,False,,,False,,,False,,,,False,False,False,False,False,,False,False,False,,,,,,,,,,,False,,,,,,,,False,,False,,False,False,True
SGRO.L,,,,False,,False,,False,,False,,False,,False,,False,,False,,False,,False,,False,,False,,False,,False,,False,,False,,False,,False,,False,,False,,False,,,,,,,,,,,,,,,,,,,,,,,,,,,,,,,,,,,,,,,,,,,False,True,False,False,False,,False,False,,88.0,False,False,False,False,False,,,False,,,False,,,False,,,,False,False,False,False,False,,False,False,False,,,,,,,,,,,False,,,,,,,,False,,False,,False,False,True
SJP.L,,,,False,,False,,False,,False,,False,,False,,False,,False,,False,,False,,False,,False,,False,,False,,False,,False,,False,,False,,False,,False,,False,,,,,,,,,,,,,,,,,,,,,,,,,,,,,,,,,,,,,,,,,,,False,True,False,False,False,,False,False,,,False,False,False,False,False,,,False,,,False,,,False,,,,False,False,False,False,False,,False,False,False,,,,,,,,,,,False,,,,,,,,False,,False,,False,False,True
TW.L,,,,False,,False,,False,,False,,False,,False,,False,,False,,False,,False,,False,,False,,False,,False,,False,,False,,False,,False,,False,,False,,False,,,,,,,,,,,,,,,,,,,,,,,,,,,,,,,,,,,,,,,,,,,False,True,False,False,False,False,False,False,,88.6,False,False,False,False,False,,,False,,,False,,,False,,,,False,False,False,False,False,,True,False,False,,1,,,,,,,,,False,,,,,,,,False,,False,,False,False,True
AHT.L,,,,False,,False,,False,,False,,False,,False,,False,,False,,False,,False,,False,,False,,False,,False,,False,,False,,False,,False,,False,,False,,False,,,,,,,,,,,,,,,,,,,,,,,,,,,,,,,,,,,,,,,,,,,True,True,False,False,False,False,False,False,,,False,False,False,False,False,,,False,,,False,,,False,,,,False,False,False,False,False,,False,False,False,,,,,,,,,,,False,,,,,,,,False,,False,,False,False,True
HLMA.L,,,,False,,False,,False,,False,,False,,False,,False,,False,,False,,False,,False,,False,,False,,False,,False,,False,,False,,False,,False,,False,,False,,,,,,,,,,,,,,,,,,,,,,,,,,,,,,,,,,,,,,,,,,,False,True,False,False,False,False,False,False,,,False,False,False,False,False,,,False,,,False,,,False,,,,False,False,False,False,False,,False,False,False,,,,,,,,,,,False,,,,,,,,False,,False,,False,False,False
III.L,,,,,,,,,,,,,,,,,,,,,,,,,,,,,,,,,,,,,,,,,,,,,,,,,,,,,,,,,,,,,,,,,,,,,,,,,,,,,,,,,,,,,,,False,True,False,False,False,,False,False,,,False,False,False,False,False,,,False,,,False,,,False,,,,False,False,False,False,False,,False,False,False,,,,,,,,,,,False,,,,,,,,False,,False,,False,False,False
HIK.L,,,,,,,,,,,,,,,,,,,,,,,,,,,,,,,,,,,,,,,,,,,,,,,,,,,,,,,,,,,,,,,,,,,,,,,,,,,,,,,,,,,,,,,True,True,False,False,False,True,True,False,,,False,False,False,False,False,,,False,,,False,,,False,,,,False,False,False,False,False,,False,False,False,,,,,,,,,,,False,,,,,,,,False,,False,,False,False,True
CNA.L,,,,False,,False,,False,,False,,False,,False,,False,,False,,False,,False,,False,,False,,False,,True,,False,,False,,False,,False,,True,,False,,False,,,,,,,,,,,,,,,,,,,,,,,,,,,,,,,>50% to 100%,,,,,,,,,,>10% to 20%,,True,True,False,False,False,False,False,False,,,True,False,False,False,False,,,False,,,False,,,False,,,True,False,False,False,False,False,,False,False,False,,,,,,,,,,,False,,,,,,,,False,,False,,False,False,True
MNG.L,,,,False,,False,,False,,False,,False,,False,,False,,False,,False,,False,,False,,False,,False,,False,,False,,False,,False,,False,,False,,False,,False,,,,,,,,,,,,,,,,,,,,,,,,,,,,,,,,,,,,,,,,,,,False,True,False,False,False,False,False,False,,,False,False,False,False,False,,,False,,,False,,,False,,,,False,False,False,False,False,,False,False,False,,,,,,,,,,,False,,,,,,,,False,,False,,False,False,True
BKGH.L,,,,False,,False,,False,,False,,False,,False,,False,,False,,False,,False,,False,,False,,False,,False,,False,,False,,False,,False,,False,,False,,False,,,,,,,,,,,,,,,,,,,,,,,,,,,,,,,,,,,,,,,,,,,False,True,False,False,False,False,False,False,,78.8,False,False,False,False,False,,,False,,,False,,,False,,,,False,False,False,False,False,,False,False,False,,,,,,,,,,,False,,,,,,,,False,,False,,False,False,True
NG.L,,,,False,,False,,False,,False,,False,,False,,False,,False,,False,,False,,False,,False,,False,,False,,False,,False,,False,,False,,False,,False,,False,,,,,,,,,,,,,,,,,,,,,,,,,,,,,,,,,,,,,,,,,,,False,True,False,False,False,False,False,False,,,True,False,False,False,False,,,False,,,False,,,False,,,,False,False,False,False,False,,False,False,False,,,,,,,,,,,False,,,,,,,,False,,False,,False,False,False
RKT.L,,,,False,,False,,False,,False,,False,,False,,False,,False,,False,,False,,False,,False,,False,,False,,False,,False,,False,,False,,False,,False,,False,,,,,,,,,,,,,,,,,,,,,,,,,,,,,,,,,,,,,,,,,,,True,True,False,False,True,True,False,True,,,True,True,False,False,False,,,False,,,False,,,False,,,,False,True,False,False,False,,False,False,False,,,,,,,,,,,False,,,,,,,,False,,False,,False,False,True
WEIR.L,,,,False,,False,,False,,False,,False,,False,,False,,False,,False,,False,,False,,False,,False,,False,,False,,False,,False,,False,,False,,False,,True,,,,,,,,,,,,,,,,314000000,16,,,,,,,,,,,,,,,,,,100%,,,,,,,,True,True,False,False,False,True,True,False,,,False,False,False,False,False,,,False,,,False,,,False,,,,False,False,False,False,False,,False,False,False,,,,,,,,,,,False,,,,,,,,False,,False,,False,False,True
IMI.L,,,,False,,False,,False,,False,,False,,False,,False,,False,,False,,False,,False,,False,,False,,False,,False,,False,,False,,False,,False,,False,,False,,,,,,,,,,,,,,,,,,,,,,,,,,,,,,,,,,,,,,,,,,,True,True,False,False,False,True,False,True,,,False,False,False,False,False,,,False,,,False,,,False,,,False,False,False,False,False,False,,False,False,False,,,,,,,,,,,False,,,,,,,,False,,False,,False,False,True
MRON.L,,,,False,,False,,True,,False,,False,,False,,False,,False,,False,,False,,False,,False,,False,,False,,False,,False,,False,,False,,False,,False,,False,,,,,,,,,,,,,,,,,,,,,,100%,,,,,,,,,,,,,,,,,,,,,False,True,False,False,False,True,True,False,92,,False,False,False,False,False,,,False,,,False,,,True,3595700000,True,,False,False,False,False,False,,False,False,False,,,,,,,,,,,False,,,,,,,,False,,False,,False,False,True
HSX.L,,,,False,,False,,False,,False,,False,,False,,False,,False,,False,,False,,False,,False,,False,,False,,False,,False,,False,,False,,False,,False,,False,,,,,,,,,,,,,,,,,,,,,,,,,,,,,,,,,,,,,,,,,,,False,True,False,False,False,False,False,False,,89.0,False,False,False,False,False,,,False,,,False,,,False,,,,False,False,False,False,False,,False,False,False,,,,,,,,,,,False,,,,,,,,False,,False,,False,False,False
CPG.L,,,,False,,False,,False,,False,,False,,False,,False,,False,,False,,False,,False,,False,,False,,False,,False,,False,,False,,False,,False,,False,,False,,,,,,,,,,,,,,,,,,,,,,,,,,,,,,,,>10% to 20%,,,,,,,,,,,True,True,False,False,True,False,False,False,,,False,True,False,False,False,,,False,,,False,,,False,,,,False,False,False,False,False,,False,False,False,,,,,,,,,,,False,,,,,,,,False,,True,,True,False,True
AUTOA.L,,,,,,,,,,,,,,,,,,,,,,,,,,,,,,,,,,,,,,,,,,,,,,,,,,,,,,,,,,,,,,,,,,,,,,,,,,,,,,,,,,,,,,,False,True,False,False,False,False,False,False,,,False,False,False,False,False,,,False,,,False,,,False,,,,False,False,False,False,False,,False,False,False,,,,,,,,,,,False,,,,,,,,False,,False,,False,False,True
AV.L,,,,False,,False,,False,,False,,False,,False,,False,,False,,False,,False,,False,,False,,False,,False,,False,,False,,False,,False,,False,,False,,False,,,,,,,,,,,,,,,,,,,,,,,,,,,,,,,,,,,,,,,,,,,False,True,False,False,False,False,False,False,,,False,False,False,False,False,,,False,,,False,,,False,,,,False,False,False,False,False,,False,False,False,,,,,,,,,,,False,,,,,,,,False,,False,,False,False,True
ENT.L,,,,False,,False,,False,,False,,False,,False,,False,,False,,False,,False,,False,,False,,False,,False,,False,,False,,False,,False,,False,,False,,False,,,,,,,,,,,,,,,,,,,,,,,,,,,,,,,,,,,,,,,,,,,False,True,True,False,False,False,False,False,,60.0,False,False,False,False,False,,,True,3578100000,True,False,,,False,,,,False,False,False,False,False,,False,False,False,,,,,,,,,,,False,,,,,,,,False,,False,,False,False,True
DGE.L,,,,False,,False,,False,,False,,False,,False,,False,,True,,False,,False,,False,,False,,False,,False,,False,,False,,False,,False,,False,,False,,False,,,,,,,,,,,,,,,,,,,,,,,,,,,,,,100%,,>50% to 100%,,,,,,,,,,,True,True,True,False,True,True,True,False,76,,False,True,False,False,True,,True,False,,,False,,,False,,,,False,False,False,False,False,,False,False,False,,,,,,,,,,,False,,,,,,,,False,,False,,True,False,True
GAW.L,,,,False,,False,,False,,False,,False,,False,,False,,False,,False,,False,,False,,False,,False,,False,,False,,False,,False,,False,,False,,False,,False,,,,,,,,,,,,,,,,,,,,,,,,,,,,,,,,,,,,,,,,,,,True,True,False,False,False,False,False,False,,,False,False,False,False,False,,,False,,,False,,,False,,,,False,False,False,False,False,,False,False,False,,,,,,,,,,,False,,,,,,,,False,,False,,False,False,False
INF.L,,,,False,,False,,False,,False,,False,,False,,False,,False,,False,,False,,False,,False,,False,,False,,False,,False,,False,,False,,False,,False,,False,,,,,,,,,,,,,,,,,,,,,,,,,,,,,,,,,,,,,,,,,,,False,True,True,False,False,False,False,False,,,False,False,False,False,False,,,False,,,False,,,False,,,,False,False,False,False,False,,False,False,False,,,,,,,,,,,False,,,,,,,,False,,False,,False,False,True
UU.L,,,,False,,False,,False,,False,,False,,False,,False,,False,,False,,False,,False,,False,,False,,False,,False,,False,,False,,False,,False,,False,,False,,,,,,,,,,,,,,,,,,,,,,,,,,,,,,,,,,,,,,,,,,,False,True,False,False,True,True,True,False,,89.8,True,False,False,False,False,,,False,,,False,,,False,,,,False,False,False,False,False,,False,False,False,,,,,,,,,,,False,,,,,,,,False,,False,,False,False,False
PSHP.L,,,,False,,False,,False,,False,,False,,False,,False,,False,,False,,False,,False,,False,,False,,False,,False,,False,,False,,False,,False,,False,,False,,,,,,,,,,,,,,,,,,,,,,,,,,,,,,,,,,,,,,,,,,,False,True,False,False,False,,False,False,,,False,False,False,False,False,,,False,,,False,,,False,,,,False,False,False,False,False,,False,False,False,,,,,,,,,,,False,,,,,,,,False,,False,,False,False,False
HLN.L,,,,,,,,,,,,,,,,,,,,,,,,,,,,,,,,,,,,,,,,,,,,,,,,,,,,,,,,,,,,,,,,,,,,,,,,,,,,,,,,,,,,,,,,,,,,,,,,,,,,,,,,,,,,,,,,,,,,,,,,,,,,,,,,,,,,,,,,,,,,,,,,,,,
WTB.L,,,,False,,False,,False,,False,,False,,False,,False,,False,,False,,False,,False,,False,,False,,False,,False,,False,,False,,False,,False,,False,,False,,,,,,,,,,,,,,,,,,,,,,,,,,,,,,,,100%,,,,,,,,,,,True,True,False,False,True,False,False,False,,,False,True,False,False,False,,,False,,,False,,,False,,,,False,False,True,False,False,,False,False,False,,,,,,,,,,,False,,,,,,,,False,,False,,True,False,True
PRU.L,,,,False,,False,,False,,False,,False,,False,,False,,False,,False,,False,,False,,False,,False,,False,,False,,False,,False,,False,,False,,False,,False,,,,,,,,,,,,,,,,,,,,,,,,,,,,,,,,,,,,,,,,,,,False,True,False,False,False,False,False,False,,,False,False,False,False,False,,,False,,,False,,,False,,,,False,False,False,False,False,,False,False,False,,,,,,,,,,,False,,,,,,,,False,,False,,False,False,True
MKS.L,,,,False,,False,,False,,False,,False,,False,,False,,False,,False,,False,,False,,False,,False,,False,,False,,False,,False,,False,,False,,False,,False,,,,,,,,,,,,,,,,,,,,,,,,,,,,,,,,,,,,,,,,,,,True,True,False,True,False,True,False,True,,,False,True,False,False,False,,,False,,,False,,,False,,,,False,False,False,False,False,,False,False,False,,,,,,,,,,,False,,,,,,,,False,,True,,False,False,False
IMB.L,,,,False,,False,,False,,False,,False,32562000000,False,,False,,False,,True,,False,,False,,False,,False,,False,,False,,False,,False,100,False,,False,,False,,False,,,,,,,,,,,,,,,,,,,,,,,,,,,,,,,,,,100%,,,,,,,,,False,True,True,False,False,True,False,True,,,False,False,False,False,False,,,False,,,True,32562000000,True,False,,,,False,False,False,False,False,,False,False,False,,,,,,,,,,,False,,,,,,,,False,,False,,False,False,True
EXPN.L,,,,False,,False,,False,,False,,False,,False,,False,,False,,False,,False,,False,,False,,False,,False,,False,,False,,False,,False,,False,,False,,False,,,,,,,,,,,,,,,,,,,,,,,,,,,,,,,,,,,,,,,,,,,False,True,False,False,False,False,False,False,,,False,False,False,False,False,,,False,,,False,,,False,,,,False,False,False,False,False,,False,True,False,,,,,2,,,,,,False,,,,,,,,False,,False,,False,False,False
GSK.L,,,,False,,False,,False,,False,,False,,False,,False,,False,,False,,False,,False,,False,,False,,False,,False,,False,,False,,False,,False,,False,,False,,,,,,,,,,,,,,,,,,,,,,,,,,,,,,,,,,,,,,,,,,,True,True,False,False,True,True,False,True,,,True,True,True,False,False,,,False,,,False,,,False,,,,False,False,False,False,False,,False,True,True,,,,,,2,,,,,True,,,,,,,,False,,False,,False,False,True
LAND.L,,,,False,,False,,False,,False,,False,,False,,False,,False,,False,,False,,False,,False,,False,,False,,False,,False,,False,,False,,False,,False,,False,,,,,,,,,,,,,,,,,,,,,,,,,,,,,,,,,,,,,,,,,,,True,True,False,False,False,,False,False,,,False,False,False,False,False,,,False,,,False,,,False,,,,False,False,False,False,False,,False,False,False,,,,,,,,,,,False,,,,,,,,False,,False,,False,False,False
BEZG.L,,,,False,,False,,False,,False,,False,,False,,False,,False,,False,,False,,False,,False,,False,,False,,False,,False,,False,,False,,False,,False,,False,,,,,,,,,,,,,,,,,,,,,,,,,,,,,,,,,,,,,,,,,,,False,True,False,False,False,False,False,False,,,False,False,False,False,False,,,False,,,False,,,False,,,,False,False,False,False,False,,False,False,False,,,,,,,,,,,False,,,,,,,,False,,False,,False,False,True
BP.L,,,,False,,False,,False,,False,,False,,False,,False,,False,,False,,False,,False,,False,,False,,False,,False,,True,,False,,False,,True,,False,,False,17067000000,,,,,,,,9.3,162816000000,,,,88.728,,,,,,,,,100%,,,,,,,,100%,,,,,,,,,,,,False,True,False,False,False,True,True,False,,,False,False,False,False,False,,,False,,,False,,,False,,,,False,False,False,False,False,,False,True,True,,,,,,2,,,,,False,,,,,,,,False,,False,,False,False,True
JD.L,,,,,,,,,,,,,,,,,,,,,,,,,,,,,,,,,,,,,,,,,,,,,,,,,,,,,,,,,,,,,,,,,,,,,,,,,,,,,,,,,,,,,,,False,False,False,False,False,False,False,False,,,False,False,False,False,False,,,False,,,False,,,False,,,,False,False,False,False,False,,False,False,False,,,,,,,,,,,False,,,,,,,,False,,False,,False,False,False
ABF.L,,,,False,,False,,False,,False,,False,,False,,False,,False,,False,,False,,False,,False,,False,,False,,False,,False,,False,,False,,False,,False,,False,,,,,,,,,,,,,,,,,,,,,,,,,,,,,,,,>50% to 100%,,,,,,,,,,,True,True,True,False,True,False,False,False,,,False,True,False,False,True,,,False,,,False,,,False,,,,False,False,False,False,False,,False,False,False,,,,,,,,,,,False,,,,,,,,False,,True,,True,False,False
AAL.L,,,,False,,False,,False,,False,,False,,False,,False,,False,,False,,False,,False,,True,1889000000,False,,False,,False,,False,,False,,False,,False,,False,,True,,,5.84,,,,,,,,,,,,,,,,,,,,,,,,,,,,,,,,>50% to 100%,,,,100%,,,,False,True,False,False,False,False,False,False,,,False,False,False,False,False,,,False,,,False,,,False,,,,False,False,False,False,False,,False,False,False,,,,,,,,,,,False,,,,,,,,False,,False,,False,False,False
ADML.L,,,,False,,False,,False,,False,,False,,False,,False,,False,,False,,False,,False,,False,,False,,False,,False,,False,,False,,False,,False,,False,,False,,,,,,,,,,,,,,,,,,,,,,,,,,,,,,,,,,,,,,,,,,,False,True,False,False,False,False,False,False,,43.0,False,False,False,False,False,,,False,,,False,,,False,,,,False,False,False,False,False,,True,False,False,,1,,,,,,,,,False,,,,,,,,False,,False,,False,False,True
RTO.L,,,,False,,False,,False,,False,,False,,False,,False,,False,,False,,False,,False,,False,,False,,False,,False,,False,,False,,False,,False,,False,,False,,,,,,,,,,,,,,,,,,,,,,,,,,,,,,,,,,,,,,,,,,,True,True,False,False,False,True,True,True,,,False,False,False,False,False,,,False,,,False,,,False,,,,False,False,False,False,False,,False,False,False,,,,,,,,,,,False,,,,,,,,False,,False,,False,False,True
RMV.L,,,,False,,False,,False,,False,,False,,False,,False,,False,,False,,False,,False,,False,,False,,False,,False,,False,,False,,False,,False,,False,,False,,,,,,,,,,,,,,,,,,,,,,,,,,,,,,,,,,,,,,,,,,,False,True,False,False,False,False,False,False,,,False,False,False,False,False,,,False,,,False,,,False,,,,False,False,False,False,False,,False,False,False,,,,,,,,,,,False,,,,,,,,False,,False,,False,False,True
SBRY.L,,,,,,,,,,,,,,,,,,,,,,,,,,,,,,,,,,,,,,,,,,,,,,,,,,,,,,,,,,,,,,,,,,,,,,,,,,,,,,,,,,,,,,,True,True,True,True,True,False,False,False,,,False,True,False,True,False,,,False,,,False,,,False,,,,False,False,True,False,False,,False,True,False,,,1,,,,,,,,True,,,,,,,,False,,True,,False,False,False
PHNX.L,,,,,,,,,,,,,,,,,,,,,,,,,,,,,,,,,,,,,,,,,,,,,,,,,,,,,,,,,,,,,,,,,,,,,,,,,,,,,,,,,,,,,,,False,True,False,False,False,False,False,False,,94.0,False,False,False,False,False,,,False,,,False,,,False,,,,False,False,False,False,False,,False,True,True,,,,,,1,,,,,False,,,,,,,,False,,False,,False,False,True
IHG.L,,,,False,,False,,False,,False,,False,,False,,False,,False,,False,,False,,False,,False,,False,,False,,False,,False,,False,,False,,False,,False,,False,,,,,,,,,,,,,,,,,,,,,,,,,,,,,,,,>50% to 100%,,,,,,,,,,,True,True,False,False,False,False,False,False,,81.6,False,True,False,False,False,,,False,,,False,,,False,,,,False,False,False,False,False,,False,False,False,,,,,,,,,,,False,,,,,,,,False,,False,,True,False,True
BT.L,,,,False,,False,,False,,False,,False,,False,,False,,False,,False,,False,,False,,False,,False,,False,,False,,False,,False,,False,,False,,False,,False,,,,,,,,,,,,,,,,,,,,,,,,,,,,,,,,,,,,,,,,,,,True,True,False,False,False,True,True,False,,,True,False,False,False,False,,,False,,,False,,,False,,,,True,False,False,False,False,,False,False,False,,,,,,,,,,,False,,,,,,,,False,,False,,False,False,False
MNDI.L,,,,False,,False,,False,,False,,False,,False,,False,,False,,False,,False,,False,,False,,False,,False,,False,,False,,False,,False,,False,,False,,False,,,,,,,,,,,,,,,,,,,,,,,,,,,,,,,,,,,,,,,,,,,True,True,False,False,True,True,True,False,,,False,False,False,False,False,,,False,,,False,,,False,,,,False,False,False,False,False,,False,False,False,,,,,,,,,,,False,,,,,,,,False,,False,,False,False,True
BATS.L,,,,False,,False,,False,,False,,False,25776000000,False,,False,,False,,True,,False,,False,,False,,False,,False,,False,,False,,False,100,False,,False,,False,,False,,,,,,,,,,,,,,,,,,,,,,,,,,,,,,,,,,100%,,,,,,,,,True,True,True,False,True,True,True,False,,,False,False,False,False,False,,,False,,,True,25776000000,True,False,,,,False,False,False,False,False,,False,True,False,,,2,,,,,,,,False,,,,,,,,False,,False,,False,False,True
PSON.L,,,,False,,False,,False,,False,,False,,False,,False,,False,,False,,False,,False,,False,,False,,False,,False,,False,,False,,False,,False,,False,,False,,,,,,,,,,,,,,,,,,,,,,,,,,,,,,,,,,,,,,,,,,,True,True,True,True,True,False,False,False,,,True,False,False,False,False,,,False,,,False,,,False,,,,False,False,False,False,False,,False,False,False,,,,,,,,,,,False,,,,,,,,False,,False,,False,False,False
PCT.L,,,,False,,False,,False,,False,,False,,False,,False,,False,,False,,False,,False,,False,,False,,False,,False,,False,,False,,False,,False,,False,,False,,,,,,,,,,,,,,,,,,,,,,,,,,,,,,,,,,,,,,,,,,,False,True,False,False,False,,False,False,,,False,False,False,False,False,,,False,,,False,,,True,,,,False,False,False,False,False,,False,False,False,,,,,,,,,,,False,,,,,,,,False,,False,,False,False,False
SPX.L,,,,False,,False,,False,,False,,False,,False,,False,,False,,False,,False,,False,,False,,False,,False,,False,,False,,False,,False,,False,,False,,False,,,,,,,,,,,,,,,,,,,,,,,,,,,,,,,,,,,,,,,,,,,False,True,False,False,False,False,False,False,,,False,False,False,False,False,,,False,,,False,,,False,,,,False,False,False,False,False,,False,False,False,,,,,,,,,,,False,,,,,,,,False,,False,,False,False,True
PSN.L,,,,False,,False,,False,,False,,False,,False,,False,,False,,False,,False,,False,,False,,False,,False,,False,,False,,False,,False,,False,,False,,False,,,,,,,,,,,,,,,,,,,,,,,,,,,,,,,,,,,,,,,,,,,True,True,False,False,True,False,False,False,,89.7,False,False,False,False,False,,,False,,,False,,,False,,,,False,False,False,False,False,,False,False,False,,,,,,,,,,,False,,,,,,,,False,,False,,False,False,True
RIO.L,,,,False,,False,,False,,False,,False,,False,,False,,False,,False,,False,,False,,False,,False,,False,,True,,False,,False,,False,299000000,False,,False,,False,,,,,,,,0.67024,,,,,,,,,,,,,,,,,,,,,,,,,,,,,,,,,,>20% to 50%,False,True,False,False,False,True,True,False,,,False,False,False,False,False,,,False,,,False,,,False,,,False,False,False,False,False,False,,False,False,False,,,,,,,,,,,False,,,,,,,,False,,False,,False,False,True
CCH.L,,,,False,,False,,False,157400000,False,,False,,False,,False,,True,,False,,False,,False,,False,,False,2.57,False,,False,,False,,False,,False,,False,,False,,False,,,,,,,,,,,,,,,,,,,,,,,,,,,,,,100%,,,,,,,,,,,,,True,True,True,False,True,True,True,True,,,False,True,False,False,True,157400000,False,False,,,False,,,False,,,,False,False,True,False,False,,False,False,False,,,,,,,,,,,False,,,,,,,,False,,False,,False,False,True
ALWA.L,,,,False,,False,,False,,False,,False,,False,,False,,False,,False,,False,,False,,False,,False,,False,,False,,False,,False,,False,,False,,False,,False,,,,,,,,,,,,,,,,,,,,,,,,,,,,,,,,,,,,,,,,,,,False,True,False,False,False,,False,False,,,False,False,False,False,False,,,False,,,False,,,False,,,,False,False,False,False,False,,False,False,False,,,,,,,,,,,False,,,,,,,,False,,False,,False,False,True
RR.L,,,,False,,False,,False,,False,,False,,False,,False,,False,,False,,False,,False,,False,,False,,False,,False,,False,,False,,False,,False,,False,,False,,,,,,,,,,,,,,,,,,,,,,,,,,,,,,,,,,,,,,,,,,,True,True,False,False,True,True,True,True,100,,False,False,False,False,False,,,False,,,False,,,True,3250000000,True,False,False,False,False,False,False,,False,True,False,,,1,,,,,,,,False,,,,,,,,False,,False,,False,False,True
SN.L,,,,False,,False,,False,,False,,False,,False,,False,,False,,False,,False,,False,,False,,False,,False,,False,,False,,False,,False,,False,,False,,False,,,,,,,,,,,,,,,,,,,,,,,,,,,,,,,,,,,,,,,,,,,True,True,False,False,True,True,False,True,,,True,True,False,False,False,,,False,,,False,,,False,,,,False,False,False,False,False,,False,False,False,,,,,,,,,,,False,,,,,,,,False,,False,,False,False,True
SSE.L,,,,False,,False,,False,,False,,False,,False,,False,,False,,False,,False,,False,,False,,False,,False,,False,,False,,False,,False,,False,,False,,False,,,,,,,,,,,,,,,,,,,,,,,,,,,,,,,,,,,,,,,,,,,False,True,False,False,False,True,True,False,,70.0,False,False,False,False,False,,,False,,,False,,,False,,,,False,False,False,False,False,,True,False,False,,2,,,,,,,,,False,,,,,,,,False,,False,,False,False,False
SMT.L,,,,False,,False,,False,,False,,False,,False,,False,,False,,False,,False,,False,,False,,False,,False,,False,,False,,False,,False,,False,,False,,False,,,,,,,,,,,,,,,,,,,,,,,,,,,,,,,,,,,,,,,,,,,False,False,False,False,False,,False,False,,,False,False,False,False,False,,,False,,,False,,,False,,,,False,False,False,False,False,,False,False,False,,,,,,,,,,,False,,,,,,,,False,,False,,False,False,False
KGF.L,,,,False,,False,,False,,False,,False,,False,,False,,False,,False,,False,,False,,False,,False,,False,,False,,False,,False,,False,,False,,False,,False,,,,,,,,,,,,,,,,,,,,,,,,,,,,,,,,,,,,,,,,,,,False,True,False,False,False,False,False,False,,,False,False,False,False,False,,,False,,,False,,,False,,,,False,False,False,False,False,,False,False,False,,,,,,,,,,,False,,,,,,,,False,,False,,False,False,True
LLOY.L,,,,False,,False,,False,,False,,False,,False,,False,,False,,False,,False,,False,,False,,False,,False,,False,,False,,False,,False,,False,,False,,False,,,,,,,,,,,,,,,,,,,,,,,,,,,,,,,,,,,,,,,,,,,False,True,False,False,False,False,False,False,,,False,False,False,False,False,,,False,,,False,,,False,,,,False,False,False,False,False,,True,False,False,,3,,,,,,,,,False,,,,,,,,False,,False,,False,False,True
NWG.L,,,,False,,False,,False,,False,,False,,False,,False,,False,,False,,False,,False,,False,,False,,False,,False,,False,,False,,False,,False,,False,,False,,,,,,,,,,,,,,,,,,,,,,,,,,,,,,,,,,,,,,,,,,,False,True,False,False,False,False,False,False,,,True,False,False,False,False,,,False,,,False,,,False,,,,False,False,False,False,False,,True,False,False,,2,,,,,,,,,False,,,,,,,,False,,False,,False,False,True
SDR.L,,,,False,,False,,False,,False,,False,,False,,False,,False,,False,,False,,False,,False,,False,,False,,False,,False,,False,,False,,False,,False,,False,,,,,,,,,,,,,,,,,,,,,,,,,,,,,,,,,,,,,,,,,,,False,True,False,False,False,,False,False,,,False,False,False,False,False,,,False,,,False,,,False,,,,False,False,False,False,False,,False,False,False,,,,,,,,,,,False,,,,,,,,False,,False,,False,False,False
NXT.L,,,,False,,False,,False,,False,,False,,False,,False,,False,,False,,False,,False,,False,,False,,False,,False,,False,,False,,False,,False,,False,,False,,,,,,,,,,,,,,,,,,,,,,,,,,,,,,,,,,,,,,,,,,,True,False,False,True,True,False,False,False,,,False,False,False,False,False,,,False,,,False,,,False,,,,False,False,False,False,False,,False,False,False,,,,,,,,,,,False,,,,,,,,False,,False,,False,False,False
ITRK.L,,,,False,,False,,False,,False,,False,,False,,False,,False,,False,,False,,False,,False,,False,,False,,False,,False,,False,,False,,False,,False,,False,,,,,,,,,,,,,,,,,,,,,,,,,,,,,,,,,,,,,,,,,,,False,True,False,False,False,True,True,False,,,False,False,False,False,False,,,False,,,False,,,False,,,,False,False,False,False,False,,False,False,False,,,,,,,,,,,False,,,,,,,,False,,False,,False,False,True
BTRW.L,,,,False,,False,,False,,False,,False,,False,,False,,False,,False,,False,,False,,False,,False,,False,,False,,False,,False,,False,,False,,False,,False,,,,,,,,,,,,,,,,,,,,,,,,,,,,,,,,,,,,,,,,,,,False,True,False,False,False,False,False,False,,90.0,True,False,False,False,False,,,False,,,False,,,False,,,,False,False,False,False,False,,False,False,False,,,,,,,,,,,False,,,,,,,,False,,False,,False,False,True
SHEL.L,,,,False,,False,,False,,False,,False,,False,,False,,False,,False,,False,,False,,False,,False,,False,,False,,True,,True,,False,,True,,False,,False,6767000000,,,,,,,,3.74,162004000000,,,,89.73,,,,,,,,,100%,,100%,,,,,,100%,,,,,,,,,,,,True,True,False,False,True,True,True,False,,,True,False,False,False,False,,,False,,,False,,,False,,,,False,False,False,False,False,,False,True,True,,,,,,1,,,,,False,,,,,,,,False,,False,,False,False,True
GLEN.L,,,,False,,False,,False,,False,,False,,False,,False,,False,,False,,False,,False,,False,,False,,False,,False,,False,,False,,False,,False,,False,,False,,,,,,,,,,,,,,,,,,,,,,,,,,,,,,,,,,,,,,,,,,,True,True,False,False,False,True,True,False,,,False,False,False,False,False,,,False,,,False,,,False,,,,False,False,False,False,False,,False,False,False,,,,,,,,,,,False,,,,,,,,False,,False,,False,False,True
VOD.L,,,,False,,False,,False,,False,,False,,False,,False,,False,,False,,False,,False,,False,,False,,False,,False,,False,,False,,False,,False,,False,,False,,,,,,,,,,,,,,,,,,,,,,,,,,,,,,,,,,,,,,,,,,,True,True,False,False,True,True,True,False,,,True,False,False,False,False,,,False,,,False,,,False,,,,False,False,False,False,False,,True,True,False,,2,,,1,,,,,,False,,,,,,,,False,,False,,False,False,False
BARC.L,,,,False,,False,,False,,False,,False,,False,,False,,False,,False,,False,,False,,False,,False,,False,,False,,False,,False,,False,,False,,False,,False,,,,,,,,,,,,,,,,,,,,,,,,,,,,,,,,,,,,,,,,,,,False,True,False,False,False,False,False,False,,,True,False,False,False,False,,,False,,,False,,,False,,,,False,False,False,False,False,,True,False,False,,1,,,,,,,,,False,,,,,,,,False,,False,,False,False,True
FCIT.L,,,,False,,False,,False,,False,,False,,False,,False,,False,,False,,False,,False,,False,,False,,False,,False,,False,,False,,False,,False,,False,,False,,,,,,,,,,,,,,,,,,,,,,,,,,,,,,,,,,,,,,,,,,,False,True,False,False,False,,False,False,,,False,False,False,False,False,,,False,,,False,,,False,,,,False,False,False,False,False,,False,False,False,,,,,,,,,,,False,,,,,,,,False,,False,,False,False,True
UTG.L,,,,False,,False,,False,,False,,False,,False,,False,,False,,False,,False,,False,,False,,False,,False,,False,,False,,False,,False,,False,,False,,False,,,,,,,,,,,,,,,,,,,,,,,,,,,,,,,,,,,,,,,,,,,False,True,False,False,False,,False,False,,85.0,False,False,False,False,False,,,False,,,False,,,False,,,,False,False,False,False,False,,False,False,False,,,,,,,,,,,False,,,,,,,,False,,False,,False,False,False
DPLM.L,,,,,,,,,,,,,,,,,,,,,,,,,,,,,,,,,,,,,,,,,,,,,,,,,,,,,,,,,,,,,,,,,,,,,,,,,,,,,,,,,,,,,,,False,False,False,False,False,False,False,False,,,False,False,False,False,False,,,False,,,False,,,False,,,,False,False,False,False,False,,False,False,False,,,,,,,,,,,False,,,,,,,,False,,False,,False,False,False
ICGIN.L,,,,False,,False,,False,,False,,False,,False,,False,,False,,False,,False,,False,,False,,False,,False,,False,,False,,False,,False,,False,,False,,False,,,,,,,,,,,,,,,,,,,,,,,,,,,,,,,,,,,,,,,,,,,False,True,False,False,False,,False,False,,,False,False,False,False,False,,,False,,,False,,,False,,,,False,False,False,False,False,,False,False,False,,,,,,,,,,,False,,,,,,,,False,,False,,False,False,False
BAES.L,,,,False,,True,,True,,False,,False,,False,,False,,False,,False,,False,,False,,False,,False,,False,,False,,False,,False,,False,,False,,False,,False,,,,,,,,,,,,,,,,,,,,,100%,100%,,,,,,,,,,,,,,,,,,,,,True,True,False,False,False,True,True,False,,,False,False,False,False,False,,,False,,,False,,,True,,True,,False,False,False,False,False,,False,False,False,,,,,,,,,,,False,,,,,,,,False,,False,,False,False,True
DCC.L,,,,False,,False,,False,,False,,False,,False,,False,,False,,False,,False,,False,,False,,False,,False,,False,,False,,False,,False,,False,,False,,False,,,,,,,,,,,,,,,,,,,,,,,,,,,,,,,,,,,,,,,,,,,False,True,False,False,False,False,False,False,,,False,False,False,False,False,,,False,,,False,,,False,,,,False,False,False,False,False,,False,False,False,,,,,,,,,,,False,,,,,,,,False,,False,,False,False,False
ULVR.L,,,,False,,False,,False,,False,,False,,False,,False,,False,,False,,False,,False,,False,,False,,False,,False,,False,,False,,False,,False,,False,,False,,,,,,,,,,,,,,,,,,,,,,,,,,,,,,,,,,,,,,,,,,,True,True,True,True,True,True,True,False,,,True,True,False,False,False,,,False,,,False,,,False,,,,False,False,True,False,False,,True,True,True,,1,,,,1,,,,,True,,,,,,,,False,,False,,False,False,True
EDV.L,,,,False,,False,,False,,False,,False,,False,,False,,False,,False,,False,,False,,False,,False,,False,,False,,False,,False,,False,,False,,False,,False,,,,,,,,,,,,,,,,,,,,,,,,,,,,,,,,,,,,,,,,,,,False,False,False,False,False,False,False,False,,,False,False,False,False,False,,,False,,,False,,,False,,,,False,False,False,False,False,,False,False,False,,,,,,,,,,,False,,,,,,,,False,,False,,False,False,False
LSEG.L,,,,False,,False,,False,,False,,False,,False,,False,,False,,False,,False,,False,,False,,False,,False,,False,,False,,False,,False,,False,,False,,False,,,,,,,,,,,,,,,,,,,,,,,,,,,,,,,,,,,,,,,,,,,False,True,False,False,False,,False,False,,,False,False,False,False,False,,,False,,,False,,,False,,,,False,False,False,False,False,,False,False,False,,,,,,,,,,,False,,,,,,,,False,,False,,False,False,True
TSCO.L,,,,False,,False,,False,,False,,False,,False,,False,,False,,False,,False,,False,,False,,False,,False,,False,,False,,False,,False,,False,,False,,False,,,,,,,,,,,,,,,,,,,,,,,,,,,,,,,,,,,,,,,,,,,True,True,True,True,False,False,False,False,,,False,True,False,True,False,,,False,,,False,,,False,,,,False,False,False,False,False,,True,True,False,,1,,,,,,,,,True,,,,,,,,False,,False,,False,False,False
LGEN.L,,,,False,,False,,False,,False,,False,,False,,False,,False,,False,,False,,False,,False,,False,,False,,False,,False,,False,,False,,False,,False,,False,,,,,,,,,,,,,,,,,,,,,,,,,,,,,,,,,,,,,,,,,,,False,True,False,False,False,False,False,False,,,True,False,False,False,False,,,False,,,False,,,False,,,,False,False,False,False,False,,False,False,False,,,,,,,,,,,False,,,,,,,,False,,False,,False,False,True
