Instrument,Employee Safety Initiative Participation,Risk Assessment Health and Safety,Safety Performance Monitoring,Communication of Supply Chain Policy,Findings from Supplier Monitoring,Social Supply Chain Policy,Social Supply Policy Integration,Social Supply Risk Assessment,Policy Local Sourcing,Temporary Staff Proportion,Number of Employees,Part Time Employees,UNGC Violation Flag,Health & Safety Policy,Policy Employee Health & Safety,Policy Supply Chain Health & Safety,Training and Development Policy,Policy Skills Training,Policy Career Development,Policy Diversity and Opportunity,Targets Diversity and Opportunity,Employees Health & Safety Team,Health & Safety Training,Supply Chain Health & Safety Training,Supply Chain Health & Safety Improvements,Employees Health & Safety OHSAS 18001,Employee Satisfaction,Salary Gap,Salaries and Wages from CSR reporting,Net Employment Creation,Number of Employees  from CSR reporting,Trade Union Representation,Turnover of Employees,Announced Layoffs To Total Employees,Announced Layoffs,Management Departures,Strikes,Women Employees,New Women Employees,Women Managers,HRC Corporate Equality Index,Flexible Working Hours,Day Care Services,Employees With Disabilities,Employee Health & Safety Training Hours,Injuries To Million Hours,Total Injury Rate Total,Total Injury Rate Contractors,Total Injury Rate Employees,Accidents Total,Contractor Accidents,Employee Accidents,Occupational Diseases,Employee Fatalities,Contractor Fatalities,Lost Days To Total Days,Lost Time Injury Rate Total,Lost Time Injury Rate Contractors,Lost Time Injury Rate Employees,Lost Working Days,Employee Lost Working Days,Contractor Lost Working Days,HIV-AIDS Program,Average Training Hours,Training Hours Total,Training Costs Total,Training Costs Per Employee,Internal Promotion,Management Training,Supplier ESG training,Wages Working Condition Controversies,Wages Working Condition Controversies Count,Diversity and Opportunity Controversies,Employees Health & Safety Controversies,Recent Wages Working Condition Controversies,Recent Diversity Opportunity Controversies,Recent Employee Health & Safety Controversies,Employee Resource Groups,BBBEE Level,Gender Pay Gap Percentage,Voluntary Turnover of Employees,Involuntary Turnover of Employees,OHSMS Certified Percentage,Average Employee Length of Service,Ethnic Minorities Employees Percentage,Asian - Ethnic Minorities Employees Percentage,Black or African American - Ethnic Minorities Employees Percentage,Hispanic or Latino - Ethnic Minorities Employees Percentage,White - Ethnic Minorities Employees Percentage,Other - Ethnic Minorities Employees Percentage,Ethnic Minorities Managers Percentage,Asian - Ethnic Minorities Managers Percentage,Black or African American - Ethnic Minorities Managers Percentage,Hispanic or Latino - Ethnic Minorities Managers Percentage,White - Ethnic Minorities Managers Percentage,Other - Ethnic Minorities Managers Percentage,Ethnic Minorities Salary Gap
POOL.OQ,,,,,,,,,,,,,,,,,,,,,,,,,,,,,,,,,,,,,,,,,,,,,,,,,,,,,,,,,,,,,,,,,,,,,,,,,,,,,,,,,,,,,,,,,,,,,,,,,
CHRW.OQ,,,,,,,,,,,,,,,,,,,,,,,,,,,,,,,,,,,,,,,,,,,,,,,,,,,,,,,,,,,,,,,,,,,,,,,,,,,,,,,,,,,,,,,,,,,,,,,,,
AJG.N,,,,,,,,,,,,,,,,,,,,,,,,,,,,,,,,,,,,,,,,,,,,,,,,,,,,,,,,,,,,,,,,,,,,,,,,,,,,,,,,,,,,,,,,,,,,,,,,,
CNP.N,,,,,,,,,,,,,,,,,,,,,,,,,,,,,,,,,,,,,,,,,,,,,,,,,,,,,,,,,,,,,,,,,,,,,,,,,,,,,,,,,,,,,,,,,,,,,,,,,
AMCR.N,False,True,False,True,False,True,True,True,False,,35000,,False,True,True,True,True,True,True,True,False,True,True,False,False,True,,,,-14.6341463414634,41000,43.0,17.0,0.0,,False,True,23.0,27.0,25.0,,False,False,,,1.36,,,1.36,179,52,127,,,,,,,0.24,,,,False,,,,,False,True,False,True,1,,,,,,False,,,10.0,7.0,34.0,,25.0,4.0,9.0,10.0,75.0,2.0,,,,,,,
WM.N,,,,,,,,,,,,,,,,,,,,,,,,,,,,,,,,,,,,,,,,,,,,,,,,,,,,,,,,,,,,,,,,,,,,,,,,,,,,,,,,,,,,,,,,,,,,,,,,,
BA.N,,,,,,,,,,,,,,,,,,,,,,,,,,,,,,,,,,,,,,,,,,,,,,,,,,,,,,,,,,,,,,,,,,,,,,,,,,,,,,,,,,,,,,,,,,,,,,,,,
FOX.OQ,False,False,False,False,False,False,False,False,False,,10200,,True,True,True,False,True,True,True,True,False,True,True,False,False,False,,,,-1.92307692307693,10000,,,0.0,,True,False,,,,95,True,True,,,,,,,,,,,,,,,,,,,,False,,,,,True,True,False,True,,1,,1,1,1,True,,,,,,,36.93,10.23,10.16,12.98,63.07,3.56,33.78,12.7,6.37,11.28,66.22,3.43,
TKO.N,,,,,,,,,,,,,,,,,,,,,,,,,,,,,,,,,,,,,,,,,,,,,,,,,,,,,,,,,,,,,,,,,,,,,,,,,,,,,,,,,,,,,,,,,,,,,,,,,
WY.N,False,True,True,True,False,True,False,False,False,,9440,,True,True,True,True,True,True,True,True,False,True,True,False,False,True,,,,1.30929383987981,9440,25.0,15.8,0.0,,False,False,18.0,,,,True,False,,,9.95,,,9.95,,,188,,1,2,0.004351694915254,5.51,,,10270.0,,,False,7.0,65496.0,,,True,True,False,False,,,,,,,True,,,9.5,6.3,,11.0,27.0,2.0,16.0,5.0,73.0,4.0,,,,,,,
MCD.N,,,,,,,,,,,,,,,,,,,,,,,,,,,,,,,,,,,,,,,,,,,,,,,,,,,,,,,,,,,,,,,,,,,,,,,,,,,,,,,,,,,,,,,,,,,,,,,,,
HD.N,False,False,False,True,True,True,True,True,True,,471600,,False,True,True,True,True,True,True,True,False,True,True,False,False,True,,,,-3.87280880554424,470000,,,0.0,,False,False,38.0,35.5,35.0,45,False,True,,,20.4,20.4,,20.4,19176,,19176,,,,,5.8,,5.8,,,,False,4.1,1928000.0,,,True,True,False,False,,,,,,,True,,102.0,,,,,50.3,3.3,18.2,22.2,49.7,6.6,39.6,4.0,14.4,15.6,60.4,5.6,99.0
SPG.N,,,,,,,,,,,,,,,,,,,,,,,,,,,,,,,,,,,,,,,,,,,,,,,,,,,,,,,,,,,,,,,,,,,,,,,,,,,,,,,,,,,,,,,,,,,,,,,,,
HBAN.OQ,,,,,,,,,,,,,,,,,,,,,,,,,,,,,,,,,,,,,,,,,,,,,,,,,,,,,,,,,,,,,,,,,,,,,,,,,,,,,,,,,,,,,,,,,,,,,,,,,
LVS.N,True,True,False,True,True,True,False,True,True,0.08,39900,,False,True,True,True,True,True,True,True,True,True,True,True,True,True,,,,3.90625,40227,0.0,11.0,0.0,,False,False,49.0,43.0,43.0,75,True,True,0.3,,15.5,15.5,,15.5,1372,,1372,0.06,0,,0.001697844611529,12.5,,12.5,16936.0,16936.0,,False,86.00075,3459552.17025,37089294,929.556240601504,False,True,True,False,,,,,,,True,,,8.0,3.0,100.0,,42.0,18.0,5.0,12.0,58.0,7.0,89.0,5.0,1.0,2.0,11.0,81.0,
CTRA.N,,,,,,,,,,,,,,,,,,,,,,,,,,,,,,,,,,,,,,,,,,,,,,,,,,,,,,,,,,,,,,,,,,,,,,,,,,,,,,,,,,,,,,,,,,,,,,,,,
ON.OQ,,,,,,,,,,,,,,,,,,,,,,,,,,,,,,,,,,,,,,,,,,,,,,,,,,,,,,,,,,,,,,,,,,,,,,,,,,,,,,,,,,,,,,,,,,,,,,,,,
AIG.N,,,,,,,,,,,,,,,,,,,,,,,,,,,,,,,,,,,,,,,,,,,,,,,,,,,,,,,,,,,,,,,,,,,,,,,,,,,,,,,,,,,,,,,,,,,,,,,,,
AIZ.N,,,,,,,,,,,,,,,,,,,,,,,,,,,,,,,,,,,,,,,,,,,,,,,,,,,,,,,,,,,,,,,,,,,,,,,,,,,,,,,,,,,,,,,,,,,,,,,,,
CARR.N,,,,,,,,,,,,,,,,,,,,,,,,,,,,,,,,,,,,,,,,,,,,,,,,,,,,,,,,,,,,,,,,,,,,,,,,,,,,,,,,,,,,,,,,,,,,,,,,,
EVRG.OQ,,,,,,,,,,,,,,,,,,,,,,,,,,,,,,,,,,,,,,,,,,,,,,,,,,,,,,,,,,,,,,,,,,,,,,,,,,,,,,,,,,,,,,,,,,,,,,,,,
SMCI.OQ,,,,,,,,,,,,,,,,,,,,,,,,,,,,,,,,,,,,,,,,,,,,,,,,,,,,,,,,,,,,,,,,,,,,,,,,,,,,,,,,,,,,,,,,,,,,,,,,,
COST.OQ,False,False,False,True,False,True,True,False,False,,333000,,True,True,True,True,True,False,True,True,False,False,False,True,True,False,,,,5.37974683544304,310000,5.0,16.0,0.0,,True,False,45.6,,37.1,25,False,False,,,,,,,,,,,,,,,,,,,,False,,,,,True,True,True,True,,,,6,,,False,,,12.5,3.5,,9.0,55.8,8.5,9.3,33.1,44.2,4.9,42.0,7.1,7.9,23.3,58.0,3.7,
MCO.N,,,,,,,,,,,,,,,,,,,,,,,,,,,,,,,,,,,,,,,,,,,,,,,,,,,,,,,,,,,,,,,,,,,,,,,,,,,,,,,,,,,,,,,,,,,,,,,,,
DIS.N,,,,,,,,,,,,,,,,,,,,,,,,,,,,,,,,,,,,,,,,,,,,,,,,,,,,,,,,,,,,,,,,,,,,,,,,,,,,,,,,,,,,,,,,,,,,,,,,,
LULU.OQ,False,False,False,True,True,True,False,True,False,,34000,,False,True,True,True,True,True,True,True,True,False,True,True,False,False,,,,17.2413793103448,34000,,,0.0,,False,False,76.0,,,,False,False,,,,,,,,,,,,,,,,,,,,False,,,,,False,True,True,False,,,,,,,True,,100.0,,,,,40.0,,,,,,,,,,,,
PAYX.OQ,False,False,False,False,False,True,False,False,False,,16500,,False,True,True,True,True,True,True,True,False,True,True,False,False,False,,68.672728402563,,-0.602409638554213,16500,0.0,,0.0,,False,False,59.3,,52.3,,True,False,,,,,,,,,,,0,,,,,,,,,False,,,,,True,True,False,False,,,,,,,True,,99.96,,,,,99.73,,,,,,,,,,,,
WSM.N,False,False,False,True,False,True,True,True,False,,12500,8600,False,True,True,True,True,True,True,True,False,False,True,True,False,False,,,,2.45901639344261,,,,0.0,,True,False,67.4,,62.1,85,False,True,,,,,,,,,,,,,,,,,,,,True,,,,,False,True,True,False,,,,,,,True,,,,,,,43.7,9.9,13.7,17.3,56.3,2.8,35.8,11.7,8.6,12.4,64.2,3.1,
AMD.OQ,,,,,,,,,,,,,,,,,,,,,,,,,,,,,,,,,,,,,,,,,,,,,,,,,,,,,,,,,,,,,,,,,,,,,,,,,,,,,,,,,,,,,,,,,,,,,,,,,
REG.OQ,,,,,,,,,,,,,,,,,,,,,,,,,,,,,,,,,,,,,,,,,,,,,,,,,,,,,,,,,,,,,,,,,,,,,,,,,,,,,,,,,,,,,,,,,,,,,,,,,
DHI.N,,,,,,,,,,,,,,,,,,,,,,,,,,,,,,,,,,,,,,,,,,,,,,,,,,,,,,,,,,,,,,,,,,,,,,,,,,,,,,,,,,,,,,,,,,,,,,,,,
TTD.OQ,,,,,,,,,,,,,,,,,,,,,,,,,,,,,,,,,,,,,,,,,,,,,,,,,,,,,,,,,,,,,,,,,,,,,,,,,,,,,,,,,,,,,,,,,,,,,,,,,
TRV.N,,,,,,,,,,,,,,,,,,,,,,,,,,,,,,,,,,,,,,,,,,,,,,,,,,,,,,,,,,,,,,,,,,,,,,,,,,,,,,,,,,,,,,,,,,,,,,,,,
MOS.N,,,,,,,,,,,,,,,,,,,,,,,,,,,,,,,,,,,,,,,,,,,,,,,,,,,,,,,,,,,,,,,,,,,,,,,,,,,,,,,,,,,,,,,,,,,,,,,,,
WDC.OQ,,,,,,,,,,,,,,,,,,,,,,,,,,,,,,,,,,,,,,,,,,,,,,,,,,,,,,,,,,,,,,,,,,,,,,,,,,,,,,,,,,,,,,,,,,,,,,,,,
VTR.N,,,,,,,,,,,,,,,,,,,,,,,,,,,,,,,,,,,,,,,,,,,,,,,,,,,,,,,,,,,,,,,,,,,,,,,,,,,,,,,,,,,,,,,,,,,,,,,,,
IVZ.N,,,,,,,,,,,,,,,,,,,,,,,,,,,,,,,,,,,,,,,,,,,,,,,,,,,,,,,,,,,,,,,,,,,,,,,,,,,,,,,,,,,,,,,,,,,,,,,,,
ZBRA.OQ,,,,,,,,,,,,,,,,,,,,,,,,,,,,,,,,,,,,,,,,,,,,,,,,,,,,,,,,,,,,,,,,,,,,,,,,,,,,,,,,,,,,,,,,,,,,,,,,,
AMAT.OQ,,,,,,,,,,,,,,,,,,,,,,,,,,,,,,,,,,,,,,,,,,,,,,,,,,,,,,,,,,,,,,,,,,,,,,,,,,,,,,,,,,,,,,,,,,,,,,,,,
STX.OQ,,,,,,,,,,,,,,,,,,,,,,,,,,,,,,,,,,,,,,,,,,,,,,,,,,,,,,,,,,,,,,,,,,,,,,,,,,,,,,,,,,,,,,,,,,,,,,,,,
FDS.N,,,,,,,,,,,,,,,,,,,,,,,,,,,,,,,,,,,,,,,,,,,,,,,,,,,,,,,,,,,,,,,,,,,,,,,,,,,,,,,,,,,,,,,,,,,,,,,,,
KVUE.N,,,,,,,,,,,,,,,,,,,,,,,,,,,,,,,,,,,,,,,,,,,,,,,,,,,,,,,,,,,,,,,,,,,,,,,,,,,,,,,,,,,,,,,,,,,,,,,,,
SYK.N,False,True,False,True,False,True,False,True,True,,53000,,False,True,True,True,True,True,True,True,False,True,True,True,False,True,,,,1.92307692307692,53000,,,0.0,,False,False,38.5,,36.0,95,True,True,,,,,,,,,,,,,,,,,,,,False,,,,,True,True,False,False,,,,,,,True,,,,,,,28.0,7.7,6.1,10.9,72.0,3.3,22.2,11.8,2.7,5.6,77.8,2.1,
DELL.N,False,False,False,True,True,True,True,True,False,,133000,,False,True,True,True,True,True,True,True,True,True,True,True,True,True,,,,0.0,133000,,,0.0,,False,False,34.8,,29.2,100,True,False,,,0.2,,,0.2,,,53,,0,,,,,0.15,,,,False,,,,,True,True,True,False,,,,,,,True,,,,,,,36.5,15.4,6.2,9.9,63.5,5.0,30.7,14.3,3.6,8.7,69.3,4.1,
VRSN.OQ,,,,,,,,,,,,,,,,,,,,,,,,,,,,,,,,,,,,,,,,,,,,,,,,,,,,,,,,,,,,,,,,,,,,,,,,,,,,,,,,,,,,,,,,,,,,,,,,,
TECH.OQ,False,False,False,False,False,True,False,False,False,,3100,,False,True,True,True,True,True,True,True,False,True,True,True,False,False,77.0,,,1.63934426229508,3100,0.0,,0.0,,False,False,49.0,,43.0,,True,False,,,,,,,,,,,,,,,,,,,,False,,,,,True,True,False,False,,,,,,,True,,,,,,,39.0,,,,61.0,39.0,26.0,,,,74.0,26.0,
NVR.N,,,,,,,,,,,,,,,,,,,,,,,,,,,,,,,,,,,,,,,,,,,,,,,,,,,,,,,,,,,,,,,,,,,,,,,,,,,,,,,,,,,,,,,,,,,,,,,,,
JBL.N,True,True,False,True,True,True,False,True,False,24.97354,138000,,False,True,True,True,True,True,True,True,True,True,True,True,False,True,,,,-41.5254237288136,170064,,,0.0,,True,False,42.0,34.0,34.0,5,False,False,,,0.9,,,0.9,,,344,,0,,,,,0.4,,,,False,48.0,8163072.0,,,True,True,True,False,,,,,,,False,,,,,33.0,,,,,,,,,,,,,,
XYZ.N,,,,,,,,,,,,,,,,,,,,,,,,,,,,,,,,,,,,,,,,,,,,,,,,,,,,,,,,,,,,,,,,,,,,,,,,,,,,,,,,,,,,,,,,,,,,,,,,,
LOW.N,False,False,False,False,False,False,False,False,False,,182000,125000,False,True,True,True,True,True,True,True,False,True,True,True,False,True,,,,-9.0,307200,,,0.0,,False,False,38.0,,33.0,100,False,True,,,21.5,21.5,,21.5,13210,,13210,,,,,8.9,,8.9,,,,False,9.9,3041280.0,,,False,True,True,False,,,,,,,True,,,,,,,36.0,2.0,16.0,14.0,64.0,4.0,27.0,,,,,,
BSX.N,,,,,,,,,,,,,,,,,,,,,,,,,,,,,,,,,,,,,,,,,,,,,,,,,,,,,,,,,,,,,,,,,,,,,,,,,,,,,,,,,,,,,,,,,,,,,,,,,
SYY.N,False,False,False,True,False,True,False,False,True,,76000,,False,True,True,True,True,True,True,True,False,True,True,False,False,False,,,,5.55555555555556,76000,15.0,,0.0,,False,False,21.3,13.6,25.5,,True,True,,,,,,,,,,,,,,,,,,,,False,,,,,False,True,False,True,,,,1,,,True,,,,,,,56.7,4.6,21.6,25.0,43.3,5.5,37.9,5.1,11.6,16.3,62.1,4.9,
FCX.N,,,,,,,,,,,,,,,,,,,,,,,,,,,,,,,,,,,,,,,,,,,,,,,,,,,,,,,,,,,,,,,,,,,,,,,,,,,,,,,,,,,,,,,,,,,,,,,,,
MAS.N,,,,,,,,,,,,,,,,,,,,,,,,,,,,,,,,,,,,,,,,,,,,,,,,,,,,,,,,,,,,,,,,,,,,,,,,,,,,,,,,,,,,,,,,,,,,,,,,,
BEN.N,,,,,,,,,,,,,,,,,,,,,,,,,,,,,,,,,,,,,,,,,,,,,,,,,,,,,,,,,,,,,,,,,,,,,,,,,,,,,,,,,,,,,,,,,,,,,,,,,
META.OQ,,,,,,,,,,,,,,,,,,,,,,,,,,,,,,,,,,,,,,,,,,,,,,,,,,,,,,,,,,,,,,,,,,,,,,,,,,,,,,,,,,,,,,,,,,,,,,,,,
PAYC.N,False,False,False,False,False,False,False,False,False,,7306,,False,True,True,False,True,True,True,True,False,False,False,False,False,False,,,,-0.027367268746581,,0.0,,0.0,,True,False,47.4,,52.4,,False,True,,,,,,,,,,,,,,,,,,,,False,,,,,False,True,False,False,,,,,,,True,,,,,,,38.1,12.2,8.0,11.1,61.9,6.8,22.8,7.2,4.2,6.1,77.2,5.3,
EXPE.OQ,False,False,False,True,False,True,False,False,False,,16500,,True,True,True,True,True,True,True,True,True,False,False,False,False,False,,176.046541720154,,-3.50877192982456,,,,8.7719298245614,1500,True,False,,,,100,False,True,,,,,,,,,,,,,,,,,,,,False,,,,,False,True,False,False,,1,,,,,True,,92.8,,,,,,,,,,,,,,,,,
RJF.N,,,,,,,,,,,,,,,,,,,,,,,,,,,,,,,,,,,,,,,,,,,,,,,,,,,,,,,,,,,,,,,,,,,,,,,,,,,,,,,,,,,,,,,,,,,,,,,,,
CL.N,,,,,,,,,,,,,,,,,,,,,,,,,,,,,,,,,,,,,,,,,,,,,,,,,,,,,,,,,,,,,,,,,,,,,,,,,,,,,,,,,,,,,,,,,,,,,,,,,
VICI.N,,,,,,,,,,,,,,,,,,,,,,,,,,,,,,,,,,,,,,,,,,,,,,,,,,,,,,,,,,,,,,,,,,,,,,,,,,,,,,,,,,,,,,,,,,,,,,,,,
UNH.N,,,,,,,,,,,,,,,,,,,,,,,,,,,,,,,,,,,,,,,,,,,,,,,,,,,,,,,,,,,,,,,,,,,,,,,,,,,,,,,,,,,,,,,,,,,,,,,,,
ARE.N,,,,,,,,,,,,,,,,,,,,,,,,,,,,,,,,,,,,,,,,,,,,,,,,,,,,,,,,,,,,,,,,,,,,,,,,,,,,,,,,,,,,,,,,,,,,,,,,,
GEN.OQ,False,False,False,False,False,True,False,False,False,,3700,,False,True,True,True,True,True,True,True,True,True,True,False,False,False,,,,37.037037037037,3890,0.0,,0.0,,False,False,32.0,,26.0,65,True,False,,,,,,,,,,,,,,,,,,,,False,,,,,False,True,False,False,,,,,,,True,,,,,,,64.0,28.0,6.0,6.0,36.0,24.0,9.0,,,,91.0,9.0,
LLY.N,,,,,,,,,,,,,,,,,,,,,,,,,,,,,,,,,,,,,,,,,,,,,,,,,,,,,,,,,,,,,,,,,,,,,,,,,,,,,,,,,,,,,,,,,,,,,,,,,
DAY.N,,,,,,,,,,,,,,,,,,,,,,,,,,,,,,,,,,,,,,,,,,,,,,,,,,,,,,,,,,,,,,,,,,,,,,,,,,,,,,,,,,,,,,,,,,,,,,,,,
GRMN.N,,,,,,,,,,,,,,,,,,,,,,,,,,,,,,,,,,,,,,,,,,,,,,,,,,,,,,,,,,,,,,,,,,,,,,,,,,,,,,,,,,,,,,,,,,,,,,,,,
PODD.OQ,,,,,,,,,,,,,,,,,,,,,,,,,,,,,,,,,,,,,,,,,,,,,,,,,,,,,,,,,,,,,,,,,,,,,,,,,,,,,,,,,,,,,,,,,,,,,,,,,
ISRG.OQ,False,False,False,True,False,True,False,False,False,,15638,,False,True,True,True,True,True,True,True,False,True,True,True,False,False,,,,14.346300087745,15000,,,0.0,,False,False,38.6,,31.5,90,True,True,,,,,,,,,,,,,,,,,,,,False,,,,,True,True,True,False,,,,,,,True,,99.5,,,,,57.5,36.5,5.6,11.7,42.5,3.7,47.2,32.0,4.0,8.0,52.8,3.2,
AVB.N,,,,,,,,,,,,,,,,,,,,,,,,,,,,,,,,,,,,,,,,,,,,,,,,,,,,,,,,,,,,,,,,,,,,,,,,,,,,,,,,,,,,,,,,,,,,,,,,,
TPR.N,,,,,,,,,,,,,,,,,,,,,,,,,,,,,,,,,,,,,,,,,,,,,,,,,,,,,,,,,,,,,,,,,,,,,,,,,,,,,,,,,,,,,,,,,,,,,,,,,
CBRE.N,,,,,,,,,,,,,,,,,,,,,,,,,,,,,,,,,,,,,,,,,,,,,,,,,,,,,,,,,,,,,,,,,,,,,,,,,,,,,,,,,,,,,,,,,,,,,,,,,
CINF.OQ,,,,,,,,,,,,,,,,,,,,,,,,,,,,,,,,,,,,,,,,,,,,,,,,,,,,,,,,,,,,,,,,,,,,,,,,,,,,,,,,,,,,,,,,,,,,,,,,,
WMB.N,,,,,,,,,,,,,,,,,,,,,,,,,,,,,,,,,,,,,,,,,,,,,,,,,,,,,,,,,,,,,,,,,,,,,,,,,,,,,,,,,,,,,,,,,,,,,,,,,
EA.OQ,False,False,False,False,False,False,False,False,False,,13400,,False,True,True,False,True,True,True,True,False,False,False,False,False,False,,,,3.87596899224807,13400,,,6.2015503875969,800,False,False,26.5,,25.8,100,True,True,,,,,,,,,,,,,,,,,,,,False,29.478,395000.0,,,True,True,False,False,,,,,,,True,,105.5,,,,,46.8,22.0,4.0,9.2,53.2,11.6,41.2,19.6,4.0,6.4,58.8,11.2,
TMUS.OQ,,,,,,,,,,,,,,,,,,,,,,,,,,,,,,,,,,,,,,,,,,,,,,,,,,,,,,,,,,,,,,,,,,,,,,,,,,,,,,,,,,,,,,,,,,,,,,,,,
CB.N,False,False,False,False,False,True,False,True,False,,43000,,True,True,True,True,True,True,True,True,False,False,False,False,False,False,,,,7.5,15647,,,0.0,,False,False,54.66,,45.49,,False,False,,,,,,,,,,,,,,,,,,,,False,,,,,True,True,False,False,,,,,,,True,,,,,,7.4,31.06,9.35,11.05,8.66,68.94,2.0,24.2,8.27,7.05,7.24,75.8,1.64,
TXN.OQ,,,,,,,,,,,,,,,,,,,,,,,,,,,,,,,,,,,,,,,,,,,,,,,,,,,,,,,,,,,,,,,,,,,,,,,,,,,,,,,,,,,,,,,,,,,,,,,,,
MDLZ.OQ,,,,,,,,,,,,,,,,,,,,,,,,,,,,,,,,,,,,,,,,,,,,,,,,,,,,,,,,,,,,,,,,,,,,,,,,,,,,,,,,,,,,,,,,,,,,,,,,,
BRO.N,,,,,,,,,,,,,,,,,,,,,,,,,,,,,,,,,,,,,,,,,,,,,,,,,,,,,,,,,,,,,,,,,,,,,,,,,,,,,,,,,,,,,,,,,,,,,,,,,
BALL.N,False,True,True,True,False,True,True,False,True,,16000,,False,True,True,True,True,True,True,True,True,True,True,False,False,True,,,,-23.8095238095238,16000,,16.0,0.0,,False,False,19.0,24.0,24.0,100,False,False,,36530.0,6.05,6.05,,6.05,194,,194,,0,,,,,,,,,False,21.0,336000.0,16800000,1050.0,True,True,False,False,,,,,,,True,,105.0,8.0,8.0,,,28.0,2.0,6.0,12.0,72.0,8.0,24.0,4.0,5.0,8.0,76.0,7.0,
PFG.OQ,False,False,False,False,False,True,False,True,False,14.1337,19700,,False,True,True,True,True,True,True,True,False,False,True,False,False,False,77.0,,,-0.505050505050508,19641,,17.0,0.0,,False,False,53.0,50.57,53.36,,True,True,5.0,,,,,,,,,,,,,,,,,,,False,4.7,92924.0,,,True,True,True,False,,,,,,,True,,,13.0,4.0,,10.0,16.71,4.67,5.27,4.95,83.29,1.82,8.36,3.31,2.13,1.52,91.64,1.4,
KEYS.N,,,,,,,,,,,,,,,,,,,,,,,,,,,,,,,,,,,,,,,,,,,,,,,,,,,,,,,,,,,,,,,,,,,,,,,,,,,,,,,,,,,,,,,,,,,,,,,,,
PCG.N,,,,,,,,,,,,,,,,,,,,,,,,,,,,,,,,,,,,,,,,,,,,,,,,,,,,,,,,,,,,,,,,,,,,,,,,,,,,,,,,,,,,,,,,,,,,,,,,,
RL.N,False,False,False,True,True,True,True,True,False,9.7,14900,8400,False,True,True,True,True,True,True,True,False,False,True,True,True,True,83.0,,,10.3703703703704,23277,0.01289,,0.0,,False,False,64.0,54.0,50.0,75,True,True,,,,,,,,,,,,,,,,,,,,True,17.13365,398820.0,,,True,True,True,False,,,,,,,True,,98.0,,,,,57.8,8.0,26.0,23.0,42.2,0.8,22.0,,,,,,
JPM.N,,,,,,,,,,,,,,,,,,,,,,,,,,,,,,,,,,,,,,,,,,,,,,,,,,,,,,,,,,,,,,,,,,,,,,,,,,,,,,,,,,,,,,,,,,,,,,,,,
TTWO.OQ,False,False,False,True,False,True,False,False,False,,11580,,False,True,True,True,True,True,True,True,False,False,True,False,False,False,,,,48.4805744326196,11580,,12.8,0.0,,False,False,22.5,,22.0,,True,False,,,,,,,,,,,,,,,,,,,,False,,,,,False,True,True,False,,,,,,,True,,,12.8,,,,44.3,17.9,4.5,8.4,55.7,13.5,36.6,15.4,3.5,6.0,63.4,11.7,
CDW.OQ,,,,,,,,,,,,,,,,,,,,,,,,,,,,,,,,,,,,,,,,,,,,,,,,,,,,,,,,,,,,,,,,,,,,,,,,,,,,,,,,,,,,,,,,,,,,,,,,,
RMD.N,False,False,False,False,False,True,False,False,True,7.49316,9980,,False,True,True,True,True,True,True,True,False,True,True,False,False,True,,133.961483800195,1051988000,-1.57790927021696,10236,,16.07247,0.0,,False,False,53.69,51.71486,33.87,,True,True,,,3.51,3.51,,3.51,67,,67,,0,,,2.04,,2.04,,,,False,,,,,False,True,True,False,,,,,,,True,,,,,,,,,,,,,,,,,,,
LNT.OQ,,,,,,,,,,,,,,,,,,,,,,,,,,,,,,,,,,,,,,,,,,,,,,,,,,,,,,,,,,,,,,,,,,,,,,,,,,,,,,,,,,,,,,,,,,,,,,,,,
COO.OQ,False,False,False,False,False,True,False,False,False,,16000,,False,True,True,True,True,True,True,True,False,True,True,False,False,False,,,,6.66666666666667,16030,,11.0,0.0,,False,False,49.0,,46.0,,False,False,,,15.3,15.3,,15.3,491,,491,,,,,8.5,,8.5,,,,False,,,,,False,True,True,False,,,,,,,True,,,11.0,,,,41.0,15.0,6.0,15.0,59.0,5.0,,,,,,,
CMG.N,,,,,,,,,,,,,,,,,,,,,,,,,,,,,,,,,,,,,,,,,,,,,,,,,,,,,,,,,,,,,,,,,,,,,,,,,,,,,,,,,,,,,,,,,,,,,,,,,
PCAR.OQ,,,,,,,,,,,,,,,,,,,,,,,,,,,,,,,,,,,,,,,,,,,,,,,,,,,,,,,,,,,,,,,,,,,,,,,,,,,,,,,,,,,,,,,,,,,,,,,,,
GNRC.N,,,,,,,,,,,,,,,,,,,,,,,,,,,,,,,,,,,,,,,,,,,,,,,,,,,,,,,,,,,,,,,,,,,,,,,,,,,,,,,,,,,,,,,,,,,,,,,,,
CHTR.OQ,,,,,,,,,,,,,,,,,,,,,,,,,,,,,,,,,,,,,,,,,,,,,,,,,,,,,,,,,,,,,,,,,,,,,,,,,,,,,,,,,,,,,,,,,,,,,,,,,
PWR.N,,,,,,,,,,,,,,,,,,,,,,,,,,,,,,,,,,,,,,,,,,,,,,,,,,,,,,,,,,,,,,,,,,,,,,,,,,,,,,,,,,,,,,,,,,,,,,,,,
CCL.N,,,,,,,,,,,,,,,,,,,,,,,,,,,,,,,,,,,,,,,,,,,,,,,,,,,,,,,,,,,,,,,,,,,,,,,,,,,,,,,,,,,,,,,,,,,,,,,,,
PM.N,False,True,True,True,True,True,False,False,False,5.06,83100,,True,True,True,True,True,True,True,True,True,True,True,True,False,True,86.0,,,0.48367593712213,83100,63.0,11.1,0.0,,False,False,44.0,54.2,42.3,100,True,True,,,0.35,0.35,0.45,,,,,0.0,1,1,,0.25,0.35,,,,,False,24.0,1994400.0,49943100,601.0,True,True,True,False,,,,,,,True,,70.1,5.1,6.0,100.0,,,,,,,,,,,,,,
SNA.N,,,,,,,,,,,,,,,,,,,,,,,,,,,,,,,,,,,,,,,,,,,,,,,,,,,,,,,,,,,,,,,,,,,,,,,,,,,,,,,,,,,,,,,,,,,,,,,,,
UAL.OQ,,,,,,,,,,,,,,,,,,,,,,,,,,,,,,,,,,,,,,,,,,,,,,,,,,,,,,,,,,,,,,,,,,,,,,,,,,,,,,,,,,,,,,,,,,,,,,,,,
ESS.N,,,,,,,,,,,,,,,,,,,,,,,,,,,,,,,,,,,,,,,,,,,,,,,,,,,,,,,,,,,,,,,,,,,,,,,,,,,,,,,,,,,,,,,,,,,,,,,,,
KHC.OQ,,,,,,,,,,,,,,,,,,,,,,,,,,,,,,,,,,,,,,,,,,,,,,,,,,,,,,,,,,,,,,,,,,,,,,,,,,,,,,,,,,,,,,,,,,,,,,,,,
BLDR.N,,,,,,,,,,,,,,,,,,,,,,,,,,,,,,,,,,,,,,,,,,,,,,,,,,,,,,,,,,,,,,,,,,,,,,,,,,,,,,,,,,,,,,,,,,,,,,,,,
JBHT.OQ,,,,,,,,,,,,,,,,,,,,,,,,,,,,,,,,,,,,,,,,,,,,,,,,,,,,,,,,,,,,,,,,,,,,,,,,,,,,,,,,,,,,,,,,,,,,,,,,,
CMI.N,,,,,,,,,,,,,,,,,,,,,,,,,,,,,,,,,,,,,,,,,,,,,,,,,,,,,,,,,,,,,,,,,,,,,,,,,,,,,,,,,,,,,,,,,,,,,,,,,
PNR.N,False,True,False,True,False,True,False,True,False,,9750,,False,True,True,True,True,True,True,True,False,True,True,False,False,True,,,,-7.14285714285714,9672,30.0,,0.0,,False,False,,,,,False,False,,,6.75,6.75,5.65,10.69362,191,14,177,,0,0,,3.35,4.7,3.87,,,,False,,,,,False,True,False,False,,,,,,,True,,,,,23.0,,,,,,,,,,,,,,
CRL.N,,,,,,,,,,,,,,,,,,,,,,,,,,,,,,,,,,,,,,,,,,,,,,,,,,,,,,,,,,,,,,,,,,,,,,,,,,,,,,,,,,,,,,,,,,,,,,,,,
DECK.N,False,False,False,True,True,True,True,False,False,,4200,,False,True,True,True,True,True,True,True,True,False,True,True,False,False,,,,5.0,4247,,,0.0,,False,False,63.95,64.4,56.5,,True,True,,,0.75,0.75,,0.75,6,,6,,,,0.001138095238095,0.65,,0.65,1195.0,1195.0,,False,4.945,21000.0,,,False,True,True,False,,,,,,,True,,,,,,,62.9,7.3,13.3,34.7,37.1,7.6,36.6,,,,,,
HPQ.N,,,,,,,,,,,,,,,,,,,,,,,,,,,,,,,,,,,,,,,,,,,,,,,,,,,,,,,,,,,,,,,,,,,,,,,,,,,,,,,,,,,,,,,,,,,,,,,,,
ROP.OQ,,,,,,,,,,,,,,,,,,,,,,,,,,,,,,,,,,,,,,,,,,,,,,,,,,,,,,,,,,,,,,,,,,,,,,,,,,,,,,,,,,,,,,,,,,,,,,,,,
LW.N,,,,,,,,,,,,,,,,,,,,,,,,,,,,,,,,,,,,,,,,,,,,,,,,,,,,,,,,,,,,,,,,,,,,,,,,,,,,,,,,,,,,,,,,,,,,,,,,,
TGT.N,True,False,False,True,True,True,False,False,True,,440000,,True,True,True,True,True,True,True,True,True,True,True,True,False,False,71.0,,,-2.22222222222223,440000,0.0,,0.0,,False,False,56.0,,57.0,95,False,True,,,,,,,,,,,,,,,,,,,,False,12.041,5298054.0,,,True,True,True,False,,1,1,,,,True,,98.0,,,,,52.0,5.0,16.0,29.0,47.0,3.0,44.0,4.0,13.0,25.0,56.0,2.0,100.0
NTAP.OQ,False,False,False,True,False,True,True,True,False,6.4,12000,,False,True,True,True,True,True,True,True,True,True,True,True,False,False,78.0,,,0.0,12362,0.0,16.9,0.0,,False,False,25.0,,23.2,85,True,True,,,1.15,1.15,,1.15,28,,28,,0,,,,,,,,,False,17.59432,217501.0,,,True,True,True,False,,,,,,,True,,,8.4,8.5,,,41.1,22.8,5.5,4.9,64.7,2.1,36.8,21.6,4.0,3.7,69.3,1.4,
OXY.N,,,,,,,,,,,,,,,,,,,,,,,,,,,,,,,,,,,,,,,,,,,,,,,,,,,,,,,,,,,,,,,,,,,,,,,,,,,,,,,,,,,,,,,,,,,,,,,,,
IR.N,,,,,,,,,,,,,,,,,,,,,,,,,,,,,,,,,,,,,,,,,,,,,,,,,,,,,,,,,,,,,,,,,,,,,,,,,,,,,,,,,,,,,,,,,,,,,,,,,
TER.OQ,,,,,,,,,,,,,,,,,,,,,,,,,,,,,,,,,,,,,,,,,,,,,,,,,,,,,,,,,,,,,,,,,,,,,,,,,,,,,,,,,,,,,,,,,,,,,,,,,
WAB.N,,,,,,,,,,,,,,,,,,,,,,,,,,,,,,,,,,,,,,,,,,,,,,,,,,,,,,,,,,,,,,,,,,,,,,,,,,,,,,,,,,,,,,,,,,,,,,,,,
NOW.N,,,,,,,,,,,,,,,,,,,,,,,,,,,,,,,,,,,,,,,,,,,,,,,,,,,,,,,,,,,,,,,,,,,,,,,,,,,,,,,,,,,,,,,,,,,,,,,,,
EXC.OQ,,,,,,,,,,,,,,,,,,,,,,,,,,,,,,,,,,,,,,,,,,,,,,,,,,,,,,,,,,,,,,,,,,,,,,,,,,,,,,,,,,,,,,,,,,,,,,,,,
BR.N,False,False,False,False,False,True,False,False,False,,14600,,False,True,True,True,True,True,True,True,False,True,True,False,False,False,82.0,,,-0.680272108843538,14600,0.0,,0.0,,True,False,,,,100,True,True,,,,,,,,,,,,,,,,,,,,False,16.90493,246812.0,,,False,True,False,False,,,,,,,True,,,,,,,47.04,21.07,9.07,13.84,52.96,3.06,33.58,17.6,5.24,8.71,66.42,2.03,
EMN.N,,,,,,,,,,,,,,,,,,,,,,,,,,,,,,,,,,,,,,,,,,,,,,,,,,,,,,,,,,,,,,,,,,,,,,,,,,,,,,,,,,,,,,,,,,,,,,,,,
AZO.N,False,True,False,True,False,True,False,True,False,,75600,50400,False,True,True,True,True,True,True,True,False,True,True,True,False,True,,,,5.88235294117647,126000,0.0,,0.0,,False,False,22.9,22.6,28.4,50,False,False,,,10.65,10.65,,10.65,2684,,2684,,2,,,7.35,,7.35,,,,False,,,,,True,True,True,False,,,,,,,True,,,,,,,52.4,,,,,,45.0,,,,,,
TEL.N,False,True,True,True,False,True,False,True,True,0.9092,87000,,True,True,True,True,True,True,True,True,True,True,True,True,False,False,81.0,,,-3.33333333333333,87000,60.0,,0.0,,False,False,40.0,,27.0,,True,False,,,0.6,0.6,,0.6,104,,104,,0,0,,0.35,,0.35,,,,False,3.51009,305378.0,,,True,True,True,False,,,,,,,True,,82.8,,,,,,,,,,,,,,,,,
FRT.N,,,,,,,,,,,,,,,,,,,,,,,,,,,,,,,,,,,,,,,,,,,,,,,,,,,,,,,,,,,,,,,,,,,,,,,,,,,,,,,,,,,,,,,,,,,,,,,,,
DUK.N,,,,,,,,,,,,,,,,,,,,,,,,,,,,,,,,,,,,,,,,,,,,,,,,,,,,,,,,,,,,,,,,,,,,,,,,,,,,,,,,,,,,,,,,,,,,,,,,,
KMI.N,,,,,,,,,,,,,,,,,,,,,,,,,,,,,,,,,,,,,,,,,,,,,,,,,,,,,,,,,,,,,,,,,,,,,,,,,,,,,,,,,,,,,,,,,,,,,,,,,
DVN.N,,,,,,,,,,,,,,,,,,,,,,,,,,,,,,,,,,,,,,,,,,,,,,,,,,,,,,,,,,,,,,,,,,,,,,,,,,,,,,,,,,,,,,,,,,,,,,,,,
RCL.N,,,,,,,,,,,,,,,,,,,,,,,,,,,,,,,,,,,,,,,,,,,,,,,,,,,,,,,,,,,,,,,,,,,,,,,,,,,,,,,,,,,,,,,,,,,,,,,,,
VTRS.OQ,,,,,,,,,,,,,,,,,,,,,,,,,,,,,,,,,,,,,,,,,,,,,,,,,,,,,,,,,,,,,,,,,,,,,,,,,,,,,,,,,,,,,,,,,,,,,,,,,
CAH.N,True,True,False,True,False,True,False,False,False,,48900,,False,True,True,True,True,True,True,True,False,True,True,True,False,True,,,,1.875,50313,10.0,,0.0,,False,False,51.1,48.8,42.8,100,True,True,,,6.274,6.274,10.2,6.15,577,33,544,,1,0,,,,,,,,False,36.9,1856549.7,,,False,True,True,False,,,,,,,True,,99.0,,,62.06897,,50.7,9.7,18.2,19.4,49.3,3.4,29.292,8.675,9.305,8.675,70.708,2.637,99.0
MKC.N,,,,,,,,,,,,,,,,,,,,,,,,,,,,,,,,,,,,,,,,,,,,,,,,,,,,,,,,,,,,,,,,,,,,,,,,,,,,,,,,,,,,,,,,,,,,,,,,,
IEX.N,False,True,False,False,False,True,False,False,True,,9000,,True,True,True,True,True,True,True,True,False,True,True,False,False,True,81.0,,,2.27272727272727,9000,4.0,,0.0,,False,False,,,,,False,False,,,5.8,5.8,,,104,,,,0,,,2.45,,,,,,False,,,,,True,True,False,False,,,,,,,True,,,,,,,,,,,,,,,,,,,
VLO.N,,,,,,,,,,,,,,,,,,,,,,,,,,,,,,,,,,,,,,,,,,,,,,,,,,,,,,,,,,,,,,,,,,,,,,,,,,,,,,,,,,,,,,,,,,,,,,,,,
EXPD.N,False,True,True,False,False,False,False,False,True,,18400,,False,True,True,False,True,True,True,True,False,True,True,False,False,False,84.0,84.3861554224482,,1.65745856353592,18000,,,0.0,,False,False,,,,5,False,False,,66246.0,1.35,,3.55,1.35,,,49,,0,,,1.75,,,,,,False,57.0,1026000.0,,,True,True,False,False,,,,,,,False,,,,,,,42.0,,,,,,,,,,,,
LH.N,,,,,,,,,,,,,,,,,,,,,,,,,,,,,,,,,,,,,,,,,,,,,,,,,,,,,,,,,,,,,,,,,,,,,,,,,,,,,,,,,,,,,,,,,,,,,,,,,
SW.N,,,,,,,,,,,,,,,,,,,,,,,,,,,,,,,,,,,,,,,,,,,,,,,,,,,,,,,,,,,,,,,,,,,,,,,,,,,,,,,,,,,,,,,,,,,,,,,,,
DRI.N,False,False,False,True,False,True,False,False,False,,191105,,False,True,True,True,True,True,True,True,False,True,False,False,False,False,,633.853513617274,,1.98576185800281,,0.0,16.0,0.0,,False,False,58.0,57.0,,100,True,False,,,,,,,,,,,,,,,,,,,,False,,,,,True,True,False,False,,,,,,,True,,,,,,,56.0,,,,,,,,,,,,
MAA.N,,,,,,,,,,,,,,,,,,,,,,,,,,,,,,,,,,,,,,,,,,,,,,,,,,,,,,,,,,,,,,,,,,,,,,,,,,,,,,,,,,,,,,,,,,,,,,,,,
JNJ.N,,,,,,,,,,,,,,,,,,,,,,,,,,,,,,,,,,,,,,,,,,,,,,,,,,,,,,,,,,,,,,,,,,,,,,,,,,,,,,,,,,,,,,,,,,,,,,,,,
COR.N,False,False,False,False,False,True,False,False,False,,42000,,False,True,True,False,True,True,True,True,False,True,True,False,False,True,,,,0.0,46650,28.0,23.0,0.0,,False,False,51.0,49.0,44.0,,True,False,,,,,,,,,,,1,,0.000889047619048,3.88,,3.88,9335.0,9335.0,,False,,,,,False,True,False,False,,,,,,,True,,100.0,17.0,6.0,,,51.0,11.0,21.0,16.0,49.0,3.0,17.0,,,,,,100.0
SHW.N,,,,,,,,,,,,,,,,,,,,,,,,,,,,,,,,,,,,,,,,,,,,,,,,,,,,,,,,,,,,,,,,,,,,,,,,,,,,,,,,,,,,,,,,,,,,,,,,,
GD.N,,,,,,,,,,,,,,,,,,,,,,,,,,,,,,,,,,,,,,,,,,,,,,,,,,,,,,,,,,,,,,,,,,,,,,,,,,,,,,,,,,,,,,,,,,,,,,,,,
SBAC.OQ,,,,,,,,,,,,,,,,,,,,,,,,,,,,,,,,,,,,,,,,,,,,,,,,,,,,,,,,,,,,,,,,,,,,,,,,,,,,,,,,,,,,,,,,,,,,,,,,,
MPWR.OQ,False,False,False,True,False,True,True,True,False,1.0,4017,,False,True,True,True,True,True,True,True,False,True,True,True,False,True,90.0,,,12.7104377104377,4017,,6.78817,0.0,,False,False,40.0,39.63839,,,False,True,,,0.03,,,0.03,,,1,,0,,,,,,,,,False,7.1,28383.0,,,True,True,True,False,,,,,,,False,,,,,,,70.0,61.0,0.4,6.0,30.0,2.6,,,,,,,
COP.N,,,,,,,,,,,,,,,,,,,,,,,,,,,,,,,,,,,,,,,,,,,,,,,,,,,,,,,,,,,,,,,,,,,,,,,,,,,,,,,,,,,,,,,,,,,,,,,,,
ORCL.N,,,,,,,,,,,,,,,,,,,,,,,,,,,,,,,,,,,,,,,,,,,,,,,,,,,,,,,,,,,,,,,,,,,,,,,,,,,,,,,,,,,,,,,,,,,,,,,,,
AMP.N,,,,,,,,,,,,,,,,,,,,,,,,,,,,,,,,,,,,,,,,,,,,,,,,,,,,,,,,,,,,,,,,,,,,,,,,,,,,,,,,,,,,,,,,,,,,,,,,,
NXPI.OQ,True,True,False,True,True,True,False,True,True,,33100,,False,True,True,True,True,True,True,True,True,True,True,True,False,True,86.0,,,-3.21637426900585,31637,27.0,9.8,0.0,,False,True,36.0,,19.0,,True,False,,,0.35,0.35,0.28275,0.39511,37,12,25,,0,0,0.000132222702115,,,,1094.14286,,,False,7.2,230817.0,,,True,True,True,True,1,,,,,,True,,,5.5,4.3,100.0,,47.0,25.0,5.0,15.0,53.0,2.0,39.0,23.0,3.0,12.0,61.0,1.0,
CPRT.OQ,False,False,False,False,False,True,False,False,False,,11700,,True,True,True,True,True,True,True,True,False,True,True,False,False,True,80.0,,,14.7058823529412,11700,,,0.0,,False,False,42.0,,40.0,,True,True,,,,,,,,,,,,,,,,,,,,False,,,,,False,True,False,True,,,,1,1,,False,,,,,,,46.0,6.0,15.0,22.0,54.0,3.0,46.0,6.0,14.0,23.0,54.0,3.0,
TXT.N,,,,,,,,,,,,,,,,,,,,,,,,,,,,,,,,,,,,,,,,,,,,,,,,,,,,,,,,,,,,,,,,,,,,,,,,,,,,,,,,,,,,,,,,,,,,,,,,,
T.N,False,True,False,True,False,True,True,True,False,,140990,,True,True,True,True,True,True,True,True,False,True,True,True,False,True,,,,-5.94396264176117,140990,43.0,,0.090060040026684,135,False,True,,,,100,True,True,,,9.05,9.05,,9.05,1003,,1003,,0,,,6.7,,6.7,,,,True,45.39329,6400000.0,117000000,829.846088375062,True,True,True,True,3,1,1,,,,True,,,,,,,,,,,,,,,,,,,
MTCH.OQ,,,,,,,,,,,,,,,,,,,,,,,,,,,,,,,,,,,,,,,,,,,,,,,,,,,,,,,,,,,,,,,,,,,,,,,,,,,,,,,,,,,,,,,,,,,,,,,,,
NDAQ.OQ,,,,,,,,,,,,,,,,,,,,,,,,,,,,,,,,,,,,,,,,,,,,,,,,,,,,,,,,,,,,,,,,,,,,,,,,,,,,,,,,,,,,,,,,,,,,,,,,,
FFIV.OQ,False,False,False,True,False,True,False,True,False,,6557,,False,True,True,True,True,True,True,True,True,False,False,False,False,False,75.0,,,0.505824647455544,,,,1.83936235438381,120,False,False,25.7,,25.0,90,True,True,,,,,,,,,,,,,,,,,,,,False,,,,,False,True,False,False,,,,,,,True,,69.8,,,,,39.3,26.5,3.7,5.3,60.8,3.7,35.9,22.5,4.0,5.4,64.1,4.0,
LEN.N,,,,,,,,,,,,,,,,,,,,,,,,,,,,,,,,,,,,,,,,,,,,,,,,,,,,,,,,,,,,,,,,,,,,,,,,,,,,,,,,,,,,,,,,,,,,,,,,,
CDNS.OQ,,,,,,,,,,,,,,,,,,,,,,,,,,,,,,,,,,,,,,,,,,,,,,,,,,,,,,,,,,,,,,,,,,,,,,,,,,,,,,,,,,,,,,,,,,,,,,,,,
NVDA.OQ,False,True,False,True,False,True,False,True,False,,26196,,False,True,True,True,True,True,True,True,False,True,True,True,True,True,,,,16.5665465224937,26196,4.4,5.3,0.0,,False,False,19.2,19.9,17.1,70,True,True,2.7,,0.5,,,0.5,,,26,,0,,,,,0.05,,,,False,10.0,260000.0,,,True,True,True,False,,,,,,,True,,99.5,,,,,63.7,50.0,2.2,3.6,36.3,7.9,,,,,,,
WELL.N,,,,,,,,,,,,,,,,,,,,,,,,,,,,,,,,,,,,,,,,,,,,,,,,,,,,,,,,,,,,,,,,,,,,,,,,,,,,,,,,,,,,,,,,,,,,,,,,,
PLD.N,,,,,,,,,,,,,,,,,,,,,,,,,,,,,,,,,,,,,,,,,,,,,,,,,,,,,,,,,,,,,,,,,,,,,,,,,,,,,,,,,,,,,,,,,,,,,,,,,
ROST.OQ,False,False,False,True,False,True,True,False,True,,101000,,False,True,True,True,True,True,True,True,False,False,True,False,False,False,,,,1.0,101000,0.0,,0.0,,False,False,80.0,,76.0,100,True,False,,,,,,,,,,,,,,,,,,,,False,,,,,True,True,False,False,,,,,,,True,,,,,,,80.0,,,,,,66.0,,,,,,
MRK.N,,,,,,,,,,,,,,,,,,,,,,,,,,,,,,,,,,,,,,,,,,,,,,,,,,,,,,,,,,,,,,,,,,,,,,,,,,,,,,,,,,,,,,,,,,,,,,,,,
WEC.N,,,,,,,,,,,,,,,,,,,,,,,,,,,,,,,,,,,,,,,,,,,,,,,,,,,,,,,,,,,,,,,,,,,,,,,,,,,,,,,,,,,,,,,,,,,,,,,,,
MSCI.N,,,,,,,,,,,,,,,,,,,,,,,,,,,,,,,,,,,,,,,,,,,,,,,,,,,,,,,,,,,,,,,,,,,,,,,,,,,,,,,,,,,,,,,,,,,,,,,,,
TMO.N,,,,,,,,,,,,,,,,,,,,,,,,,,,,,,,,,,,,,,,,,,,,,,,,,,,,,,,,,,,,,,,,,,,,,,,,,,,,,,,,,,,,,,,,,,,,,,,,,
F.N,,,,,,,,,,,,,,,,,,,,,,,,,,,,,,,,,,,,,,,,,,,,,,,,,,,,,,,,,,,,,,,,,,,,,,,,,,,,,,,,,,,,,,,,,,,,,,,,,
GEHC.OQ,,,,,,,,,,,,,,,,,,,,,,,,,,,,,,,,,,,,,,,,,,,,,,,,,,,,,,,,,,,,,,,,,,,,,,,,,,,,,,,,,,,,,,,,,,,,,,,,,
LYB.N,,,,,,,,,,,,,,,,,,,,,,,,,,,,,,,,,,,,,,,,,,,,,,,,,,,,,,,,,,,,,,,,,,,,,,,,,,,,,,,,,,,,,,,,,,,,,,,,,
IBM.N,,,,,,,,,,,,,,,,,,,,,,,,,,,,,,,,,,,,,,,,,,,,,,,,,,,,,,,,,,,,,,,,,,,,,,,,,,,,,,,,,,,,,,,,,,,,,,,,,
IQV.N,False,False,False,False,False,False,False,False,False,,88000,,False,True,True,True,True,True,True,True,False,True,True,True,False,True,,,,1.14942528735633,88000,0.0,10.4,0.0,,False,False,62.0,66.0,53.0,5,True,True,,,4.45,4.45,,4.45,783,,783,,,,,1.35,,1.35,,,,True,,,,,True,True,True,False,,,,,,,True,,,10.4,,100.0,,39.0,16.0,12.0,8.0,61.0,3.0,,,,,,,
VRTX.OQ,True,False,False,True,False,True,False,True,False,,6100,,False,True,True,True,True,True,True,True,False,True,True,True,False,False,,82.3271350335234,,12.962962962963,6100,0.0,4.4,0.0,,False,False,55.0,,,100,True,True,,,0.9,0.9,,0.9,11,,11,,,,,0.8,,0.8,,,,False,,,,,False,True,True,False,,,,,,,True,,87.05,4.4,,,,40.0,26.0,6.0,6.0,60.0,2.0,,,,,,,
DXCM.OQ,,,,,,,,,,,,,,,,,,,,,,,,,,,,,,,,,,,,,,,,,,,,,,,,,,,,,,,,,,,,,,,,,,,,,,,,,,,,,,,,,,,,,,,,,,,,,,,,,
PEP.OQ,,,,,,,,,,,,,,,,,,,,,,,,,,,,,,,,,,,,,,,,,,,,,,,,,,,,,,,,,,,,,,,,,,,,,,,,,,,,,,,,,,,,,,,,,,,,,,,,,
AOS.N,,,,,,,,,,,,,,,,,,,,,,,,,,,,,,,,,,,,,,,,,,,,,,,,,,,,,,,,,,,,,,,,,,,,,,,,,,,,,,,,,,,,,,,,,,,,,,,,,
BLK.N,,,,,,,,,,,,,,,,,,,,,,,,,,,,,,,,,,,,,,,,,,,,,,,,,,,,,,,,,,,,,,,,,,,,,,,,,,,,,,,,,,,,,,,,,,,,,,,,,
HII.N,,,,,,,,,,,,,,,,,,,,,,,,,,,,,,,,,,,,,,,,,,,,,,,,,,,,,,,,,,,,,,,,,,,,,,,,,,,,,,,,,,,,,,,,,,,,,,,,,
CVS.N,True,True,False,True,True,True,False,True,True,,300000,,True,True,True,True,True,True,True,True,False,True,True,True,False,True,,344.580382352941,20400000000,0.0,313823,5.3,33.0,0.053314088247819,164,True,False,70.0,63.0,57.0,100,True,True,,,7.9,7.9,,7.9,3728,,3728,,4,,0.001019951383333,4.8,,4.8,76496.35375,76496.35375,,False,50.98415,16000000.0,,,False,True,True,False,,,,,,,True,,,27.3,5.7,,,54.0,12.0,18.0,17.0,46.0,7.0,38.0,14.0,11.0,9.0,62.0,4.0,
PH.N,,,,,,,,,,,,,,,,,,,,,,,,,,,,,,,,,,,,,,,,,,,,,,,,,,,,,,,,,,,,,,,,,,,,,,,,,,,,,,,,,,,,,,,,,,,,,,,,,
NSC.N,,,,,,,,,,,,,,,,,,,,,,,,,,,,,,,,,,,,,,,,,,,,,,,,,,,,,,,,,,,,,,,,,,,,,,,,,,,,,,,,,,,,,,,,,,,,,,,,,
MSFT.OQ,,,,,,,,,,,,,,,,,,,,,,,,,,,,,,,,,,,,,,,,,,,,,,,,,,,,,,,,,,,,,,,,,,,,,,,,,,,,,,,,,,,,,,,,,,,,,,,,,
HWM.N,,,,,,,,,,,,,,,,,,,,,,,,,,,,,,,,,,,,,,,,,,,,,,,,,,,,,,,,,,,,,,,,,,,,,,,,,,,,,,,,,,,,,,,,,,,,,,,,,
BAX.N,,,,,,,,,,,,,,,,,,,,,,,,,,,,,,,,,,,,,,,,,,,,,,,,,,,,,,,,,,,,,,,,,,,,,,,,,,,,,,,,,,,,,,,,,,,,,,,,,
HUM.N,False,True,False,False,False,False,False,False,False,38.67021,65680,,True,True,True,True,True,True,True,True,False,True,True,True,False,True,,,,-2.84023668639053,103475,0.02126,14.4,0.0,,True,False,75.0,80.10022,76.0,100,True,False,0.69582,,3.95,,,3.95,,,501,,,,,,,,,,,False,52.0,3128632.0,17694225,269.400502436054,True,True,True,False,,,,,,,True,,,14.4,,,7.0,43.13,6.06,17.44,16.18,56.87,3.45,,,,,,,
AXON.OQ,,,,,,,,,,,,,,,,,,,,,,,,,,,,,,,,,,,,,,,,,,,,,,,,,,,,,,,,,,,,,,,,,,,,,,,,,,,,,,,,,,,,,,,,,,,,,,,,,
ZBH.N,False,False,False,False,False,True,False,False,False,,17000,,False,True,True,True,True,True,True,True,False,True,True,False,,True,,,,-5.55555555555556,17000,0.29412,,0.0,,False,False,,,,100,True,False,,,1.5,1.5,,,51,,,,,,,0.7,,,,,,False,,,,,False,True,False,False,,,,,,,True,,,,,,,,,,,,,,,,,,,
TDY.N,,,,,,,,,,,,,,,,,,,,,,,,,,,,,,,,,,,,,,,,,,,,,,,,,,,,,,,,,,,,,,,,,,,,,,,,,,,,,,,,,,,,,,,,,,,,,,,,,
GILD.OQ,,,,,,,,,,,,,,,,,,,,,,,,,,,,,,,,,,,,,,,,,,,,,,,,,,,,,,,,,,,,,,,,,,,,,,,,,,,,,,,,,,,,,,,,,,,,,,,,,
EPAM.N,False,False,False,False,False,True,False,False,False,,61200,,False,True,True,True,True,True,True,True,False,False,True,False,False,False,,,,15.1458137347131,,,8.9,0.0,,False,False,,,,,True,False,,,,,,,,,,,,,,,,,,,,False,39.21569,2400000.0,,,True,True,False,False,,,,,,,True,,,8.9,,,,,,,,,,,,,,,,
NOC.N,,,,,,,,,,,,,,,,,,,,,,,,,,,,,,,,,,,,,,,,,,,,,,,,,,,,,,,,,,,,,,,,,,,,,,,,,,,,,,,,,,,,,,,,,,,,,,,,,
PNW.N,,,,,,,,,,,,,,,,,,,,,,,,,,,,,,,,,,,,,,,,,,,,,,,,,,,,,,,,,,,,,,,,,,,,,,,,,,,,,,,,,,,,,,,,,,,,,,,,,
BFb.N,,,,,,,,,,,,,,,,,,,,,,,,,,,,,,,,,,,,,,,,,,,,,,,,,,,,,,,,,,,,,,,,,,,,,,,,,,,,,,,,,,,,,,,,,,,,,,,,,
DE.N,False,True,True,True,False,True,False,False,False,,75800,,True,True,True,True,True,True,True,True,False,True,True,True,False,True,77.0,,,-8.67469879518072,75800,84.0,14.2,0.36144578313253,300,False,False,22.0,,23.6,95,True,False,,,8.45,8.45,,8.45,1281,,1281,,0,,,3.15,,3.15,,,,False,16.2,1227960.0,,,False,True,True,True,1,1,,,,,True,,,5.6,8.6,,,15.7,4.3,5.7,4.0,84.3,1.7,11.8,4.3,3.3,3.2,88.2,1.0,
HSY.N,,,,,,,,,,,,,,,,,,,,,,,,,,,,,,,,,,,,,,,,,,,,,,,,,,,,,,,,,,,,,,,,,,,,,,,,,,,,,,,,,,,,,,,,,,,,,,,,,
GL.N,False,False,False,False,False,True,False,False,False,,3732,,True,True,True,True,True,True,True,True,False,False,True,False,False,False,,158.367213042696,,2.64026402640265,3732,,,0.0,,False,False,68.0,,46.0,,True,True,,,,,,,,,,,,,,,,,,,,False,4.6798,17465.0,,,False,True,False,False,,1,,,,,True,,,,,,,49.0,9.0,25.0,13.0,51.0,2.0,25.0,,,,,,
SLB.N,False,False,False,False,False,True,False,False,True,,110000,,False,True,True,True,True,True,True,True,True,True,True,True,False,True,74.0,,,-0.900900900900903,110000,23.0,5.2,0.0,,False,True,21.0,,19.5,,True,False,,,0.7,0.7,,0.72,269,,191,,2,1,,0.39,0.34,0.4,,,,False,82.0,9020000.0,,,True,True,True,True,1,,,,,,True,,,5.2,,1.0,,,,,,,,,,,,,,
AWK.N,,,,,,,,,,,,,,,,,,,,,,,,,,,,,,,,,,,,,,,,,,,,,,,,,,,,,,,,,,,,,,,,,,,,,,,,,,,,,,,,,,,,,,,,,,,,,,,,,
PKG.N,,,,,,,,,,,,,,,,,,,,,,,,,,,,,,,,,,,,,,,,,,,,,,,,,,,,,,,,,,,,,,,,,,,,,,,,,,,,,,,,,,,,,,,,,,,,,,,,,
CPAY.N,,,,,,,,,,,,,,,,,,,,,,,,,,,,,,,,,,,,,,,,,,,,,,,,,,,,,,,,,,,,,,,,,,,,,,,,,,,,,,,,,,,,,,,,,,,,,,,,,
ADI.OQ,,,,,,,,,,,,,,,,,,,,,,,,,,,,,,,,,,,,,,,,,,,,,,,,,,,,,,,,,,,,,,,,,,,,,,,,,,,,,,,,,,,,,,,,,,,,,,,,,
MMC.N,True,False,False,False,False,False,False,False,False,,90000,,False,True,True,True,True,True,True,True,False,True,True,False,False,True,,146.661796941983,,5.88235294117647,90000,,,0.0,,False,False,54.0,,48.0,100,True,False,,,,,,,,,,,,,,,,,,,,False,17.0,1530000.0,,,False,True,False,False,,,,,,,True,,99.0,,,,8.0,25.0,9.0,6.0,7.0,75.0,3.0,22.0,9.0,4.0,5.0,78.0,4.0,99.0
IT.N,,,,,,,,,,,,,,,,,,,,,,,,,,,,,,,,,,,,,,,,,,,,,,,,,,,,,,,,,,,,,,,,,,,,,,,,,,,,,,,,,,,,,,,,,,,,,,,,,
ECL.N,True,False,False,True,False,True,False,True,True,8.60966,48000,,False,True,True,True,True,True,True,True,True,True,True,True,False,True,81.0,,,0.0,47377,14.1,14.7,0.0,,False,False,25.9,,28.9,100,True,True,,,3.75,3.75,,3.75,355,,355,0.05,2,0,,,,,,,,False,39.0,1847703.0,13928838,290.184125,True,True,True,False,,,,,,,True,,100.0,10.1,4.6,7.0,,33.8,13.9,4.9,12.1,66.2,2.9,21.4,8.3,4.2,6.8,78.7,2.0,100.0
BXP.N,,,,,,,,,,,,,,,,,,,,,,,,,,,,,,,,,,,,,,,,,,,,,,,,,,,,,,,,,,,,,,,,,,,,,,,,,,,,,,,,,,,,,,,,,,,,,,,,,
GE.N,,,,,,,,,,,,,,,,,,,,,,,,,,,,,,,,,,,,,,,,,,,,,,,,,,,,,,,,,,,,,,,,,,,,,,,,,,,,,,,,,,,,,,,,,,,,,,,,,
ED.N,True,False,False,False,False,False,False,False,False,,15097,,False,True,True,True,True,True,True,True,False,True,True,False,False,True,,,,3.46080043859649,,55.4746,6.2,0.0,,False,False,23.2,,,35,False,False,,,1.22622,,,1.22622,,,37,,,,,,,,,,,False,49.67874,750000.0,,,False,True,False,False,,,,,,,True,,,3.9,2.3,,13.1,,,,,,,,,,,,,
ALLE.N,,,,,,,,,,,,,,,,,,,,,,,,,,,,,,,,,,,,,,,,,,,,,,,,,,,,,,,,,,,,,,,,,,,,,,,,,,,,,,,,,,,,,,,,,,,,,,,,,
OTIS.N,,,,,,,,,,,,,,,,,,,,,,,,,,,,,,,,,,,,,,,,,,,,,,,,,,,,,,,,,,,,,,,,,,,,,,,,,,,,,,,,,,,,,,,,,,,,,,,,,
WFC.N,,,,,,,,,,,,,,,,,,,,,,,,,,,,,,,,,,,,,,,,,,,,,,,,,,,,,,,,,,,,,,,,,,,,,,,,,,,,,,,,,,,,,,,,,,,,,,,,,
CTVA.N,,,,,,,,,,,,,,,,,,,,,,,,,,,,,,,,,,,,,,,,,,,,,,,,,,,,,,,,,,,,,,,,,,,,,,,,,,,,,,,,,,,,,,,,,,,,,,,,,
FTV.N,True,False,True,True,False,True,True,True,True,,18000,,False,True,True,True,True,True,True,True,False,True,True,True,False,True,76.0,,,0.0,18000,,,0.0,,False,False,38.0,,,100,False,True,,,,,,,,,,,,,,,,,,,,False,,,,,False,True,False,False,,,,,,,True,,,,,,,,15.0,8.0,10.0,62.0,5.0,,,,,,,
AEE.N,,,,,,,,,,,,,,,,,,,,,,,,,,,,,,,,,,,,,,,,,,,,,,,,,,,,,,,,,,,,,,,,,,,,,,,,,,,,,,,,,,,,,,,,,,,,,,,,,
PRU.N,,,,,,,,,,,,,,,,,,,,,,,,,,,,,,,,,,,,,,,,,,,,,,,,,,,,,,,,,,,,,,,,,,,,,,,,,,,,,,,,,,,,,,,,,,,,,,,,,
DLTR.OQ,False,False,False,False,False,True,True,False,True,,65025,142523,False,True,True,True,True,True,True,True,False,True,True,True,False,True,,256094.301011682,360000000,5.07222958342759,207548,,,0.0,,True,False,67.0,65.0,75.0,85,True,False,,,,,,,,,,,,,,,,,,,,False,24.091,5000000.0,,,True,True,True,False,,,,,,,True,,,,,,,56.0,1.0,28.0,21.0,44.0,6.0,43.0,,21.0,17.0,57.0,5.0,
CF.N,True,True,True,True,False,True,True,True,True,30.6,2800,,False,True,True,True,True,True,True,True,True,True,True,True,False,True,75.0,,,3.7037037037037,2802,6.0,6.85381,0.0,,False,False,16.0,21.24183,,,False,False,,,1.61051,1.61051,0.65,1.55,13,4,9,0.0,,0,,0.28885,0.15,0.35,,,,False,,,,,True,True,True,True,1,,1,,,,True,,,,,100.0,,,,,,,,,,,,,,
NEE.N,,,,,,,,,,,,,,,,,,,,,,,,,,,,,,,,,,,,,,,,,,,,,,,,,,,,,,,,,,,,,,,,,,,,,,,,,,,,,,,,,,,,,,,,,,,,,,,,,
KLAC.OQ,,,,,,,,,,,,,,,,,,,,,,,,,,,,,,,,,,,,,,,,,,,,,,,,,,,,,,,,,,,,,,,,,,,,,,,,,,,,,,,,,,,,,,,,,,,,,,,,,
AME.N,,,,,,,,,,,,,,,,,,,,,,,,,,,,,,,,,,,,,,,,,,,,,,,,,,,,,,,,,,,,,,,,,,,,,,,,,,,,,,,,,,,,,,,,,,,,,,,,,
NUE.N,,,,,,,,,,,,,,,,,,,,,,,,,,,,,,,,,,,,,,,,,,,,,,,,,,,,,,,,,,,,,,,,,,,,,,,,,,,,,,,,,,,,,,,,,,,,,,,,,
D.N,,,,,,,,,,,,,,,,,,,,,,,,,,,,,,,,,,,,,,,,,,,,,,,,,,,,,,,,,,,,,,,,,,,,,,,,,,,,,,,,,,,,,,,,,,,,,,,,,
SJM.N,,,,,,,,,,,,,,,,,,,,,,,,,,,,,,,,,,,,,,,,,,,,,,,,,,,,,,,,,,,,,,,,,,,,,,,,,,,,,,,,,,,,,,,,,,,,,,,,,
EMR.N,,,,,,,,,,,,,,,,,,,,,,,,,,,,,,,,,,,,,,,,,,,,,,,,,,,,,,,,,,,,,,,,,,,,,,,,,,,,,,,,,,,,,,,,,,,,,,,,,
DVA.N,,,,,,,,,,,,,,,,,,,,,,,,,,,,,,,,,,,,,,,,,,,,,,,,,,,,,,,,,,,,,,,,,,,,,,,,,,,,,,,,,,,,,,,,,,,,,,,,,
COIN.OQ,False,False,False,False,False,True,False,False,False,,3772,,True,True,True,True,True,False,True,True,False,False,False,False,False,False,,27.8714295967629,,10.4215456674473,,,,0.0,,False,False,,,,,True,False,,,,,,,,,,,,,,,,,,,,False,,,,,False,False,False,False,,,,,,,False,,,,,,,,,,,,,,,,,,,
CMS.N,,,,,,,,,,,,,,,,,,,,,,,,,,,,,,,,,,,,,,,,,,,,,,,,,,,,,,,,,,,,,,,,,,,,,,,,,,,,,,,,,,,,,,,,,,,,,,,,,
HPE.N,,,,,,,,,,,,,,,,,,,,,,,,,,,,,,,,,,,,,,,,,,,,,,,,,,,,,,,,,,,,,,,,,,,,,,,,,,,,,,,,,,,,,,,,,,,,,,,,,
BDX.N,,,,,,,,,,,,,,,,,,,,,,,,,,,,,,,,,,,,,,,,,,,,,,,,,,,,,,,,,,,,,,,,,,,,,,,,,,,,,,,,,,,,,,,,,,,,,,,,,
MGM.N,,,,,,,,,,,,,,,,,,,,,,,,,,,,,,,,,,,,,,,,,,,,,,,,,,,,,,,,,,,,,,,,,,,,,,,,,,,,,,,,,,,,,,,,,,,,,,,,,
HUBB.N,False,True,False,True,False,True,False,False,False,,17700,,False,True,True,True,True,True,True,True,True,True,True,False,False,True,,,,-3.36845553311131,17646,19.0,28.0,0.0,,False,False,,,,,True,True,,89641.68,5.61034,5.61034,,5.61034,198,,198,,,,,9.4,,9.4,,,,False,11.27882,199026.0,,,False,True,False,False,,,,,,,True,,,19.0,9.0,,,,,,,,,,,,,,,
ALGN.OQ,,,,,,,,,,,,,,,,,,,,,,,,,,,,,,,,,,,,,,,,,,,,,,,,,,,,,,,,,,,,,,,,,,,,,,,,,,,,,,,,,,,,,,,,,,,,,,,,,
SRE.N,,,,,,,,,,,,,,,,,,,,,,,,,,,,,,,,,,,,,,,,,,,,,,,,,,,,,,,,,,,,,,,,,,,,,,,,,,,,,,,,,,,,,,,,,,,,,,,,,
REGN.OQ,False,False,False,True,False,True,False,False,True,,15106,,True,True,True,True,True,True,True,True,False,True,True,False,False,True,88.0,50.6665835566751,,12.3122676579926,15106,0.0,5.9,0.0,,False,False,50.0,,51.0,100,True,True,,,2.45,2.45,,2.45,74,,74,,0,,,0.95,,0.95,,,,False,8.0,120848.0,,,True,True,False,False,,,,,,,True,,99.5,4.6,1.4,,,35.0,,,,65.0,35.0,38.0,,,,62.0,38.0,100.2
EFX.N,False,False,False,False,False,False,False,False,False,33.63061,14700,,False,True,True,True,True,True,True,True,False,False,False,False,False,False,,,,-1.34228187919463,14679,,18.0,0.0,,False,False,,,,85,True,False,,,,,,,,,,,,,,,,,,,,False,,,,,True,True,False,False,,,,,,,True,,,11.0,7.0,,,,,,,,,,,,,,,
USB.N,,,,,,,,,,,,,,,,,,,,,,,,,,,,,,,,,,,,,,,,,,,,,,,,,,,,,,,,,,,,,,,,,,,,,,,,,,,,,,,,,,,,,,,,,,,,,,,,,
CSGP.OQ,False,False,False,False,False,True,False,False,False,1.05866,6593,,False,True,True,True,True,True,True,True,True,False,False,False,False,False,80.0,,,7.16840052015604,5762,0.0,,0.0,,False,False,35.17876,34.68208,32.8655,,True,False,,,3.10042,3.10042,,,41,,,,0,0,,,,,,,,False,66.0,380292.0,,,True,True,False,False,,,,,,,True,,100.0,,,,,36.2,13.8,12.1,6.9,63.8,3.4,26.02,12.96,6.17,4.71,73.98,2.18,
HCA.N,,,,,,,,,,,,,,,,,,,,,,,,,,,,,,,,,,,,,,,,,,,,,,,,,,,,,,,,,,,,,,,,,,,,,,,,,,,,,,,,,,,,,,,,,,,,,,,,,
AVGO.OQ,,,,,,,,,,,,,,,,,,,,,,,,,,,,,,,,,,,,,,,,,,,,,,,,,,,,,,,,,,,,,,,,,,,,,,,,,,,,,,,,,,,,,,,,,,,,,,,,,
DHR.N,,,,,,,,,,,,,,,,,,,,,,,,,,,,,,,,,,,,,,,,,,,,,,,,,,,,,,,,,,,,,,,,,,,,,,,,,,,,,,,,,,,,,,,,,,,,,,,,,
NWSA.OQ,,,,,,,,,,,,,,,,,,,,,,,,,,,,,,,,,,,,,,,,,,,,,,,,,,,,,,,,,,,,,,,,,,,,,,,,,,,,,,,,,,,,,,,,,,,,,,,,,
ERIE.OQ,False,False,False,False,False,False,False,False,False,0.88,6715,26,False,True,True,False,True,False,True,True,False,False,False,False,False,False,,,,3.61055392686314,,,8.2,0.0,,False,False,,,,,True,False,,,,,,,,,,,,,,,,,,,,False,,,,,False,False,False,False,,,,,,,True,,,4.8,3.4,,10.6,,,,,,,,,,,,,
RTX.N,,,,,,,,,,,,,,,,,,,,,,,,,,,,,,,,,,,,,,,,,,,,,,,,,,,,,,,,,,,,,,,,,,,,,,,,,,,,,,,,,,,,,,,,,,,,,,,,,
AAPL.OQ,False,False,False,True,True,True,True,True,False,,164000,,True,True,True,True,True,True,True,True,False,False,True,True,True,True,,,,1.86335403726707,164000,,,0.062111801242236,100,True,True,35.0,,33.0,100,False,True,,,,,,,,,,,,,,,,,,,,False,,,,,False,True,True,True,6,2,,5,1,,True,,100.0,,,,,59.46,33.22,8.1,14.27,40.54,3.87,48.69,34.95,3.4,7.55,51.31,2.79,100.0
CME.OQ,,,,,,,,,,,,,,,,,,,,,,,,,,,,,,,,,,,,,,,,,,,,,,,,,,,,,,,,,,,,,,,,,,,,,,,,,,,,,,,,,,,,,,,,,,,,,,,,,
ADM.N,,,,,,,,,,,,,,,,,,,,,,,,,,,,,,,,,,,,,,,,,,,,,,,,,,,,,,,,,,,,,,,,,,,,,,,,,,,,,,,,,,,,,,,,,,,,,,,,,
APD.N,,,,,,,,,,,,,,,,,,,,,,,,,,,,,,,,,,,,,,,,,,,,,,,,,,,,,,,,,,,,,,,,,,,,,,,,,,,,,,,,,,,,,,,,,,,,,,,,,
FANG.OQ,,,,,,,,,,,,,,,,,,,,,,,,,,,,,,,,,,,,,,,,,,,,,,,,,,,,,,,,,,,,,,,,,,,,,,,,,,,,,,,,,,,,,,,,,,,,,,,,,
WRB.N,,,,,,,,,,,,,,,,,,,,,,,,,,,,,,,,,,,,,,,,,,,,,,,,,,,,,,,,,,,,,,,,,,,,,,,,,,,,,,,,,,,,,,,,,,,,,,,,,
AXP.N,,,,,,,,,,,,,,,,,,,,,,,,,,,,,,,,,,,,,,,,,,,,,,,,,,,,,,,,,,,,,,,,,,,,,,,,,,,,,,,,,,,,,,,,,,,,,,,,,
CLX.N,,,,,,,,,,,,,,,,,,,,,,,,,,,,,,,,,,,,,,,,,,,,,,,,,,,,,,,,,,,,,,,,,,,,,,,,,,,,,,,,,,,,,,,,,,,,,,,,,
DOV.N,,,,,,,,,,,,,,,,,,,,,,,,,,,,,,,,,,,,,,,,,,,,,,,,,,,,,,,,,,,,,,,,,,,,,,,,,,,,,,,,,,,,,,,,,,,,,,,,,
FSLR.OQ,,,,,,,,,,,,,,,,,,,,,,,,,,,,,,,,,,,,,,,,,,,,,,,,,,,,,,,,,,,,,,,,,,,,,,,,,,,,,,,,,,,,,,,,,,,,,,,,,
MTB.N,,,,,,,,,,,,,,,,,,,,,,,,,,,,,,,,,,,,,,,,,,,,,,,,,,,,,,,,,,,,,,,,,,,,,,,,,,,,,,,,,,,,,,,,,,,,,,,,,
FDX.N,,,,,,,,,,,,,,,,,,,,,,,,,,,,,,,,,,,,,,,,,,,,,,,,,,,,,,,,,,,,,,,,,,,,,,,,,,,,,,,,,,,,,,,,,,,,,,,,,
TROW.OQ,,,,,,,,,,,,,,,,,,,,,,,,,,,,,,,,,,,,,,,,,,,,,,,,,,,,,,,,,,,,,,,,,,,,,,,,,,,,,,,,,,,,,,,,,,,,,,,,,
JKHY.OQ,False,False,False,False,False,True,False,False,False,,7170,,False,True,True,True,True,True,True,True,False,True,True,True,False,False,79.0,,,0.70224719101124,7100,0.0,,0.0,,False,False,46.9,,,,True,False,,,,,,,,,,,,,,,,,,,,False,,,,,True,True,True,False,,,,,,,False,,,,,,,22.7,6.1,7.6,5.5,77.3,3.5,,,,,,,
O.N,,,,,,,,,,,,,,,,,,,,,,,,,,,,,,,,,,,,,,,,,,,,,,,,,,,,,,,,,,,,,,,,,,,,,,,,,,,,,,,,,,,,,,,,,,,,,,,,,
MLM.N,True,False,False,False,False,False,False,False,False,,9400,,False,True,True,False,True,True,True,True,False,True,True,False,False,True,,,,0.0,9400,13.0,,0.0,,False,False,,,,,False,False,,,3.25,3.25,,3.25,61,,61,,2,0,,0.645,,0.645,,,,False,,,,,False,False,False,False,,,,,,,True,,,,,,,,,,,,,,,,,,,
RVTY.N,,,,,,,,,,,,,,,,,,,,,,,,,,,,,,,,,,,,,,,,,,,,,,,,,,,,,,,,,,,,,,,,,,,,,,,,,,,,,,,,,,,,,,,,,,,,,,,,,
L.N,,,,,,,,,,,,,,,,,,,,,,,,,,,,,,,,,,,,,,,,,,,,,,,,,,,,,,,,,,,,,,,,,,,,,,,,,,,,,,,,,,,,,,,,,,,,,,,,,
QCOM.OQ,,,,,,,,,,,,,,,,,,,,,,,,,,,,,,,,,,,,,,,,,,,,,,,,,,,,,,,,,,,,,,,,,,,,,,,,,,,,,,,,,,,,,,,,,,,,,,,,,
IPG.N,,,,,,,,,,,,,,,,,,,,,,,,,,,,,,,,,,,,,,,,,,,,,,,,,,,,,,,,,,,,,,,,,,,,,,,,,,,,,,,,,,,,,,,,,,,,,,,,,
PHM.N,,,,,,,,,,,,,,,,,,,,,,,,,,,,,,,,,,,,,,,,,,,,,,,,,,,,,,,,,,,,,,,,,,,,,,,,,,,,,,,,,,,,,,,,,,,,,,,,,
ULTA.OQ,False,False,False,True,False,True,False,False,True,,18500,34500,False,True,True,True,True,True,True,True,False,True,True,False,False,False,82.0,,,12.1212121212121,53000,0.0,37.6,0.0,,False,False,91.0,,68.0,85,False,False,,,,,,,,,,,,,,,,,,,,False,,,,,True,True,True,False,,,,,,,False,,,33.4,4.2,,,53.0,,,,,,40.7,2.2,8.9,24.6,59.3,5.0,
KO.N,,,,,,,,,,,,,,,,,,,,,,,,,,,,,,,,,,,,,,,,,,,,,,,,,,,,,,,,,,,,,,,,,,,,,,,,,,,,,,,,,,,,,,,,,,,,,,,,,
CSCO.OQ,,,,,,,,,,,,,,,,,,,,,,,,,,,,,,,,,,,,,,,,,,,,,,,,,,,,,,,,,,,,,,,,,,,,,,,,,,,,,,,,,,,,,,,,,,,,,,,,,
WTW.OQ,,,,,,,,,,,,,,,,,,,,,,,,,,,,,,,,,,,,,,,,,,,,,,,,,,,,,,,,,,,,,,,,,,,,,,,,,,,,,,,,,,,,,,,,,,,,,,,,,
ANET.N,False,False,False,False,False,True,False,True,False,,4412,,False,True,True,True,True,True,True,True,False,True,True,True,False,False,95.0,,,9.66940094456874,4600,0.0,8.0,0.0,,False,False,15.6,16.0,11.0,,True,False,,,,,,,,,,,0,,0.0,0.0,,0.0,0.0,0.0,,False,18.0,82800.0,,,False,False,True,False,,,,,,,True,,,,,,,55.0,48.0,2.0,4.0,45.0,1.0,45.0,37.0,1.0,2.0,55.0,5.0,
ES.N,,,,,,,,,,,,,,,,,,,,,,,,,,,,,,,,,,,,,,,,,,,,,,,,,,,,,,,,,,,,,,,,,,,,,,,,,,,,,,,,,,,,,,,,,,,,,,,,,
CTAS.OQ,False,False,False,True,True,True,False,False,False,,46500,,False,True,True,True,True,True,True,True,False,True,True,True,False,True,,,,4.49438202247192,46511,2.0,21.7,0.0,,False,False,35.2,33.5,,40,False,True,,,6.75,6.75,,,619,,,0.02183,0,,,1.6,,,,,,False,20.6,958126.6,,,True,True,True,False,,,,,,,True,,,,,,,45.7,3.9,15.5,22.6,54.3,3.7,,,,,,,
GPN.N,,,,,,,,,,,,,,,,,,,,,,,,,,,,,,,,,,,,,,,,,,,,,,,,,,,,,,,,,,,,,,,,,,,,,,,,,,,,,,,,,,,,,,,,,,,,,,,,,
RSG.N,,,,,,,,,,,,,,,,,,,,,,,,,,,,,,,,,,,,,,,,,,,,,,,,,,,,,,,,,,,,,,,,,,,,,,,,,,,,,,,,,,,,,,,,,,,,,,,,,
LIN.OQ,,,,,,,,,,,,,,,,,,,,,,,,,,,,,,,,,,,,,,,,,,,,,,,,,,,,,,,,,,,,,,,,,,,,,,,,,,,,,,,,,,,,,,,,,,,,,,,,,
MCK.N,False,False,False,False,False,True,False,False,False,,45000,6000,False,True,True,False,True,True,True,True,False,True,True,False,False,True,,,,-22.4137931034483,51000,,,0.0,,False,False,62.0,,,100,True,False,7.0,,11.05,11.05,,11.05,1127,,1127,,,,,3.45,,3.451,,,,True,,,,,True,True,False,False,,,,,,,True,,,,,,,47.0,,,,,,26.0,,,,,,
HLT.N,,,,,,,,,,,,,,,,,,,,,,,,,,,,,,,,,,,,,,,,,,,,,,,,,,,,,,,,,,,,,,,,,,,,,,,,,,,,,,,,,,,,,,,,,,,,,,,,,
NFLX.OQ,,,,,,,,,,,,,,,,,,,,,,,,,,,,,,,,,,,,,,,,,,,,,,,,,,,,,,,,,,,,,,,,,,,,,,,,,,,,,,,,,,,,,,,,,,,,,,,,,
FI.N,False,False,False,False,False,False,False,False,False,,38000,,False,True,True,False,True,True,True,True,False,False,True,False,False,False,,,,-9.52380952380952,38000,,11.0,0.0,,False,False,39.0,,28.0,100,True,True,,,,,,,,,,,,,,,,,,,,False,,,,,True,True,False,False,,,,,,,True,,,11.0,,,,49.74,20.05,18.27,8.05,50.26,3.37,35.31,19.93,6.86,5.56,64.69,2.96,
RF.N,,,,,,,,,,,,,,,,,,,,,,,,,,,,,,,,,,,,,,,,,,,,,,,,,,,,,,,,,,,,,,,,,,,,,,,,,,,,,,,,,,,,,,,,,,,,,,,,,
WMT.N,,,,,,,,,,,,,,,,,,,,,,,,,,,,,,,,,,,,,,,,,,,,,,,,,,,,,,,,,,,,,,,,,,,,,,,,,,,,,,,,,,,,,,,,,,,,,,,,,
AMGN.OQ,True,False,False,True,False,True,False,True,True,,28000,,False,True,True,True,True,True,True,True,False,True,True,True,False,True,82.0,,,4.86891385767789,28000,,,0.0,,False,False,53.0,,,100,True,True,,,0.65,,2.7,0.65,,,36,,0,0,,,0.85,0.25,,,,False,,,,,False,True,True,False,,,,,,,True,,,,,,,52.0,20.0,5.0,23.0,48.0,4.0,,,,,,,
KIM.N,,,,,,,,,,,,,,,,,,,,,,,,,,,,,,,,,,,,,,,,,,,,,,,,,,,,,,,,,,,,,,,,,,,,,,,,,,,,,,,,,,,,,,,,,,,,,,,,,
DDOG.OQ,,,,,,,,,,,,,,,,,,,,,,,,,,,,,,,,,,,,,,,,,,,,,,,,,,,,,,,,,,,,,,,,,,,,,,,,,,,,,,,,,,,,,,,,,,,,,,,,,
DG.N,False,False,False,True,False,True,False,True,False,,170000,,False,True,True,True,True,True,True,True,False,True,True,True,False,True,70.0,,,4.29447852760736,185000,,,0.0,,False,False,65.96,,75.5,80,False,False,,,40.1,40.1,,40.1,,,,,,,,9.65,,9.65,,,,False,,,,,True,True,True,True,1,,3,,,,True,,,,,,,,,,,,,,,,,,,
EQR.N,,,,,,,,,,,,,,,,,,,,,,,,,,,,,,,,,,,,,,,,,,,,,,,,,,,,,,,,,,,,,,,,,,,,,,,,,,,,,,,,,,,,,,,,,,,,,,,,,
URI.N,,,,,,,,,,,,,,,,,,,,,,,,,,,,,,,,,,,,,,,,,,,,,,,,,,,,,,,,,,,,,,,,,,,,,,,,,,,,,,,,,,,,,,,,,,,,,,,,,
TDG.N,,,,,,,,,,,,,,,,,,,,,,,,,,,,,,,,,,,,,,,,,,,,,,,,,,,,,,,,,,,,,,,,,,,,,,,,,,,,,,,,,,,,,,,,,,,,,,,,,
CNC.N,,,,,,,,,,,,,,,,,,,,,,,,,,,,,,,,,,,,,,,,,,,,,,,,,,,,,,,,,,,,,,,,,,,,,,,,,,,,,,,,,,,,,,,,,,,,,,,,,
NKE.N,,,,,,,,,,,,,,,,,,,,,,,,,,,,,,,,,,,,,,,,,,,,,,,,,,,,,,,,,,,,,,,,,,,,,,,,,,,,,,,,,,,,,,,,,,,,,,,,,
AES.N,True,True,True,True,False,True,False,False,False,,9100,,False,True,True,True,True,True,True,True,False,True,True,True,False,True,80.4,,,-5.20833333333334,9100,81.71,16.04,0.0,,False,False,26.1,30.0,24.0,100,True,False,0.82,,9.75123,9.75123,12.173,5.082,545,448,97,,0,0,,0.33995,0.27,0.47,,,,False,112.5,1023750.0,7865130,864.3,True,True,False,False,,,,,,,True,,,4.28,11.76,53.0,,29.0,6.0,10.0,10.0,71.0,3.0,,,,,,,
ELV.N,,,,,,,,,,,,,,,,,,,,,,,,,,,,,,,,,,,,,,,,,,,,,,,,,,,,,,,,,,,,,,,,,,,,,,,,,,,,,,,,,,,,,,,,,,,,,,,,,
GWW.N,,,,,,,,,,,,,,,,,,,,,,,,,,,,,,,,,,,,,,,,,,,,,,,,,,,,,,,,,,,,,,,,,,,,,,,,,,,,,,,,,,,,,,,,,,,,,,,,,
K.N,,,,,,,,,,,,,,,,,,,,,,,,,,,,,,,,,,,,,,,,,,,,,,,,,,,,,,,,,,,,,,,,,,,,,,,,,,,,,,,,,,,,,,,,,,,,,,,,,
GOOGL.OQ,,,,,,,,,,,,,,,,,,,,,,,,,,,,,,,,,,,,,,,,,,,,,,,,,,,,,,,,,,,,,,,,,,,,,,,,,,,,,,,,,,,,,,,,,,,,,,,,,
GM.N,,,,,,,,,,,,,,,,,,,,,,,,,,,,,,,,,,,,,,,,,,,,,,,,,,,,,,,,,,,,,,,,,,,,,,,,,,,,,,,,,,,,,,,,,,,,,,,,,
CCI.N,,,,,,,,,,,,,,,,,,,,,,,,,,,,,,,,,,,,,,,,,,,,,,,,,,,,,,,,,,,,,,,,,,,,,,,,,,,,,,,,,,,,,,,,,,,,,,,,,
COF.N,,,,,,,,,,,,,,,,,,,,,,,,,,,,,,,,,,,,,,,,,,,,,,,,,,,,,,,,,,,,,,,,,,,,,,,,,,,,,,,,,,,,,,,,,,,,,,,,,
C.N,,,,,,,,,,,,,,,,,,,,,,,,,,,,,,,,,,,,,,,,,,,,,,,,,,,,,,,,,,,,,,,,,,,,,,,,,,,,,,,,,,,,,,,,,,,,,,,,,
ODFL.OQ,,,,,,,,,,,,,,,,,,,,,,,,,,,,,,,,,,,,,,,,,,,,,,,,,,,,,,,,,,,,,,,,,,,,,,,,,,,,,,,,,,,,,,,,,,,,,,,,,
A.N,,,,,,,,,,,,,,,,,,,,,,,,,,,,,,,,,,,,,,,,,,,,,,,,,,,,,,,,,,,,,,,,,,,,,,,,,,,,,,,,,,,,,,,,,,,,,,,,,
MOH.N,,,,,,,,,,,,,,,,,,,,,,,,,,,,,,,,,,,,,,,,,,,,,,,,,,,,,,,,,,,,,,,,,,,,,,,,,,,,,,,,,,,,,,,,,,,,,,,,,
GS.N,,,,,,,,,,,,,,,,,,,,,,,,,,,,,,,,,,,,,,,,,,,,,,,,,,,,,,,,,,,,,,,,,,,,,,,,,,,,,,,,,,,,,,,,,,,,,,,,,
MET.N,,,,,,,,,,,,,,,,,,,,,,,,,,,,,,,,,,,,,,,,,,,,,,,,,,,,,,,,,,,,,,,,,,,,,,,,,,,,,,,,,,,,,,,,,,,,,,,,,
WYNN.OQ,False,True,False,False,False,True,False,False,False,,28000,,False,True,True,False,True,True,True,True,False,True,True,False,False,True,,,,0.71942446043165,28000,52.0,17.0,0.0,,False,False,46.6,,43.0,35,False,True,,,9.75758,9.75758,,9.75758,322,,322,,,,,5.09091,,5.09091,,,,False,3.21429,90000.0,,,True,True,False,False,,,,,,,False,,,10.0,7.0,,,78.0,22.0,9.0,37.0,22.0,10.0,62.0,23.0,6.5,23.0,38.0,9.5,
PSA.N,,,,,,,,,,,,,,,,,,,,,,,,,,,,,,,,,,,,,,,,,,,,,,,,,,,,,,,,,,,,,,,,,,,,,,,,,,,,,,,,,,,,,,,,,,,,,,,,,
CPT.N,,,,,,,,,,,,,,,,,,,,,,,,,,,,,,,,,,,,,,,,,,,,,,,,,,,,,,,,,,,,,,,,,,,,,,,,,,,,,,,,,,,,,,,,,,,,,,,,,
GDDY.N,,,,,,,,,,,,,,,,,,,,,,,,,,,,,,,,,,,,,,,,,,,,,,,,,,,,,,,,,,,,,,,,,,,,,,,,,,,,,,,,,,,,,,,,,,,,,,,,,
MRNA.OQ,,,,,,,,,,,,,,,,,,,,,,,,,,,,,,,,,,,,,,,,,,,,,,,,,,,,,,,,,,,,,,,,,,,,,,,,,,,,,,,,,,,,,,,,,,,,,,,,,
WDAY.OQ,True,True,False,False,False,True,False,True,False,1.66,17700,,False,True,True,True,True,True,True,True,False,True,True,False,False,False,,,,16.4473684210526,17763,,9.749,3.44827586206897,525,False,False,41.8,,41.0,100,True,True,,,,,,,,,,,,,,,,,,,,False,,,,,True,True,False,False,,,,,,,True,,,,,,,46.6,32.5,4.3,5.9,53.4,3.9,47.4,34.6,3.8,5.0,52.5,4.1,
BK.N,,,,,,,,,,,,,,,,,,,,,,,,,,,,,,,,,,,,,,,,,,,,,,,,,,,,,,,,,,,,,,,,,,,,,,,,,,,,,,,,,,,,,,,,,,,,,,,,,
FAST.OQ,,,,,,,,,,,,,,,,,,,,,,,,,,,,,,,,,,,,,,,,,,,,,,,,,,,,,,,,,,,,,,,,,,,,,,,,,,,,,,,,,,,,,,,,,,,,,,,,,
LDOS.N,,,,,,,,,,,,,,,,,,,,,,,,,,,,,,,,,,,,,,,,,,,,,,,,,,,,,,,,,,,,,,,,,,,,,,,,,,,,,,,,,,,,,,,,,,,,,,,,,
ORLY.OQ,,,,,,,,,,,,,,,,,,,,,,,,,,,,,,,,,,,,,,,,,,,,,,,,,,,,,,,,,,,,,,,,,,,,,,,,,,,,,,,,,,,,,,,,,,,,,,,,,
CSX.OQ,,,,,,,,,,,,,,,,,,,,,,,,,,,,,,,,,,,,,,,,,,,,,,,,,,,,,,,,,,,,,,,,,,,,,,,,,,,,,,,,,,,,,,,,,,,,,,,,,
CFG.N,,,,,,,,,,,,,,,,,,,,,,,,,,,,,,,,,,,,,,,,,,,,,,,,,,,,,,,,,,,,,,,,,,,,,,,,,,,,,,,,,,,,,,,,,,,,,,,,,
NI.N,,,,,,,,,,,,,,,,,,,,,,,,,,,,,,,,,,,,,,,,,,,,,,,,,,,,,,,,,,,,,,,,,,,,,,,,,,,,,,,,,,,,,,,,,,,,,,,,,
MO.N,,,,,,,,,,,,,,,,,,,,,,,,,,,,,,,,,,,,,,,,,,,,,,,,,,,,,,,,,,,,,,,,,,,,,,,,,,,,,,,,,,,,,,,,,,,,,,,,,
DD.N,,,,,,,,,,,,,,,,,,,,,,,,,,,,,,,,,,,,,,,,,,,,,,,,,,,,,,,,,,,,,,,,,,,,,,,,,,,,,,,,,,,,,,,,,,,,,,,,,
AEP.OQ,True,False,False,False,False,True,False,False,False,0.28,16330,,False,True,True,True,True,True,True,True,True,True,True,True,False,True,,94.6571962957743,2287065091,-5.33333333333333,16330,25.0,15.0,0.0,,True,False,20.0,31.0,18.0,90,True,True,0.02449,,4.565,,,4.565,306,145,161,,0,1,,,1.03,2.07,,,,False,27.52517,449486.0,,,True,True,True,False,,,,,,,True,,,,,,,21.0,,,,,,15.0,,,,,,
HOLX.OQ,False,False,False,False,False,False,False,False,True,,7063,,False,True,True,True,True,False,True,True,False,False,True,False,False,True,89.2,,,1.04434907010014,7000,,17.0,0.0,,False,False,42.0,42.0,45.0,,True,True,2.0,,4.55,4.55,,4.55,64,,64,,0,0,,1.7,,1.7,,,,False,13.0,94000.0,,,True,True,False,False,,,,,,,False,,98.0,10.0,7.0,,,36.0,15.0,5.0,9.0,64.0,7.0,26.0,,,,74.0,26.0,
BX.N,,,,,,,,,,,,,,,,,,,,,,,,,,,,,,,,,,,,,,,,,,,,,,,,,,,,,,,,,,,,,,,,,,,,,,,,,,,,,,,,,,,,,,,,,,,,,,,,,
BBY.N,True,False,False,True,True,True,False,True,False,10.0,90000,,False,True,True,True,True,True,True,True,True,True,True,True,False,False,,,,-14.2857142857143,90000,,34.2,0.0,,False,False,25.0,,33.0,100,True,True,,,,,,,,,,,,,,,,,,,,False,44.0,3960000.0,,,False,True,True,False,,,,,,,True,,100.4,30.8,3.4,,,46.0,6.0,14.0,21.0,54.0,5.0,26.0,14.0,5.0,7.0,74.0,,99.8
LHX.N,,,,,,,,,,,,,,,,,,,,,,,,,,,,,,,,,,,,,,,,,,,,,,,,,,,,,,,,,,,,,,,,,,,,,,,,,,,,,,,,,,,,,,,,,,,,,,,,,
APA.OQ,,,,,,,,,,,,,,,,,,,,,,,,,,,,,,,,,,,,,,,,,,,,,,,,,,,,,,,,,,,,,,,,,,,,,,,,,,,,,,,,,,,,,,,,,,,,,,,,,
IFF.N,,,,,,,,,,,,,,,,,,,,,,,,,,,,,,,,,,,,,,,,,,,,,,,,,,,,,,,,,,,,,,,,,,,,,,,,,,,,,,,,,,,,,,,,,,,,,,,,,
CEG.OQ,,,,,,,,,,,,,,,,,,,,,,,,,,,,,,,,,,,,,,,,,,,,,,,,,,,,,,,,,,,,,,,,,,,,,,,,,,,,,,,,,,,,,,,,,,,,,,,,,
STT.N,,,,,,,,,,,,,,,,,,,,,,,,,,,,,,,,,,,,,,,,,,,,,,,,,,,,,,,,,,,,,,,,,,,,,,,,,,,,,,,,,,,,,,,,,,,,,,,,,
JCI.N,True,True,False,False,False,True,True,False,False,0.89275,94000,,True,True,True,True,True,True,True,True,False,True,True,False,False,True,,205.657345449382,7043000000,-6.00000000000001,94091,23.0,15.0,0.0,,False,False,23.0,26.0,,,True,True,,,1.7,1.7,,,320,,,,1,,,0.65,,,,,,False,19.0,1787729.0,,,True,True,True,False,,,1,,,,True,,103.0,15.0,,65.0,,31.0,5.0,9.0,13.0,69.0,4.0,,,,,,,
FE.N,,,,,,,,,,,,,,,,,,,,,,,,,,,,,,,,,,,,,,,,,,,,,,,,,,,,,,,,,,,,,,,,,,,,,,,,,,,,,,,,,,,,,,,,,,,,,,,,,
PNC.N,,,,,,,,,,,,,,,,,,,,,,,,,,,,,,,,,,,,,,,,,,,,,,,,,,,,,,,,,,,,,,,,,,,,,,,,,,,,,,,,,,,,,,,,,,,,,,,,,
VZ.N,,,,,,,,,,,,,,,,,,,,,,,,,,,,,,,,,,,,,,,,,,,,,,,,,,,,,,,,,,,,,,,,,,,,,,,,,,,,,,,,,,,,,,,,,,,,,,,,,
NEM.N,,,,,,,,,,,,,,,,,,,,,,,,,,,,,,,,,,,,,,,,,,,,,,,,,,,,,,,,,,,,,,,,,,,,,,,,,,,,,,,,,,,,,,,,,,,,,,,,,
ROL.N,,,,,,,,,,,,,,,,,,,,,,,,,,,,,,,,,,,,,,,,,,,,,,,,,,,,,,,,,,,,,,,,,,,,,,,,,,,,,,,,,,,,,,,,,,,,,,,,,
KEY.N,,,,,,,,,,,,,,,,,,,,,,,,,,,,,,,,,,,,,,,,,,,,,,,,,,,,,,,,,,,,,,,,,,,,,,,,,,,,,,,,,,,,,,,,,,,,,,,,,
GIS.N,False,False,True,True,False,True,True,True,False,,34000,,True,True,True,True,True,True,True,True,False,True,True,True,False,True,88.0,,,0.0,,32.0,7.3,0.0,,False,False,,,,100,True,True,,,,,,,,,,,0,,,,,,,,,False,12.5,325422.0,,,True,True,True,False,,,,,1,,True,,,7.3,,,,,,,,,,,,,,,,
CMCSA.OQ,,,,,,,,,,,,,,,,,,,,,,,,,,,,,,,,,,,,,,,,,,,,,,,,,,,,,,,,,,,,,,,,,,,,,,,,,,,,,,,,,,,,,,,,,,,,,,,,,
VLTO.N,,,,,,,,,,,,,,,,,,,,,,,,,,,,,,,,,,,,,,,,,,,,,,,,,,,,,,,,,,,,,,,,,,,,,,,,,,,,,,,,,,,,,,,,,,,,,,,,,
PFE.N,,,,,,,,,,,,,,,,,,,,,,,,,,,,,,,,,,,,,,,,,,,,,,,,,,,,,,,,,,,,,,,,,,,,,,,,,,,,,,,,,,,,,,,,,,,,,,,,,
EIX.N,True,False,True,False,False,False,False,False,True,,13483,,True,True,True,True,True,True,True,True,False,False,True,True,False,True,72.0,,,-5.81866443140542,14013,33.33,8.0,0.0,,False,False,31.0,28.0,28.0,85,True,True,,,11.75,,2.8,11.75,,,329,,0,5,5.0718267448e-05,,0.34,1.53,,170.9586,,False,,,,,False,True,True,False,,,,,,,True,,,4.0,4.0,,,64.0,,,,,,56.0,,,,,,
NWS.OQ,,,,,,,,,,,,,,,,,,,,,,,,,,,,,,,,,,,,,,,,,,,,,,,,,,,,,,,,,,,,,,,,,,,,,,,,,,,,,,,,,,,,,,,,,,,,,,,,,
MU.OQ,,,,,,,,,,,,,,,,,,,,,,,,,,,,,,,,,,,,,,,,,,,,,,,,,,,,,,,,,,,,,,,,,,,,,,,,,,,,,,,,,,,,,,,,,,,,,,,,,
UPS.N,,,,,,,,,,,,,,,,,,,,,,,,,,,,,,,,,,,,,,,,,,,,,,,,,,,,,,,,,,,,,,,,,,,,,,,,,,,,,,,,,,,,,,,,,,,,,,,,,
SOLV.N,,,,,,,,,,,,,,,,,,,,,,,,,,,,,,,,,,,,,,,,,,,,,,,,,,,,,,,,,,,,,,,,,,,,,,,,,,,,,,,,,,,,,,,,,,,,,,,,,
TYL.N,False,False,False,False,False,False,False,False,False,,7400,,False,True,True,False,True,True,True,True,False,False,True,False,False,True,,,,1.36986301369864,7402,0.0,10.4,0.0,,False,False,37.06,37.74,38.2,,True,False,,,,,,,,,,,,,,,,,,,,False,5.13375,38000.0,,,True,True,False,False,,,,,,,True,,,7.6,2.8,,8.0,19.95,7.74,4.66,4.92,80.05,2.63,14.13,6.27,2.94,3.13,85.87,1.79,
UNP.N,,,,,,,,,,,,,,,,,,,,,,,,,,,,,,,,,,,,,,,,,,,,,,,,,,,,,,,,,,,,,,,,,,,,,,,,,,,,,,,,,,,,,,,,,,,,,,,,,
BAC.N,,,,,,,,,,,,,,,,,,,,,,,,,,,,,,,,,,,,,,,,,,,,,,,,,,,,,,,,,,,,,,,,,,,,,,,,,,,,,,,,,,,,,,,,,,,,,,,,,
KMX.N,False,False,False,False,False,False,False,False,False,,30621,,False,True,True,False,True,True,True,True,False,True,True,False,False,False,,259.776709321308,,-6.20577694734585,30235,0.0,,0.0,,False,False,28.3,,24.2,75,True,False,,,,,,,,,,,,,,,,,,,,False,,,,,True,True,False,False,,,,,,,True,,,,,,,55.50521,4.86853,22.02084,22.85431,44.49479,5.76153,30.7,,,,,,
PARA.OQ,,,,,,,,,,,,,,,,,,,,,,,,,,,,,,,,,,,,,,,,,,,,,,,,,,,,,,,,,,,,,,,,,,,,,,,,,,,,,,,,,,,,,,,,,,,,,,,,,
IP.N,False,False,True,False,False,True,False,True,False,,37000,,False,True,True,True,True,True,True,True,False,True,True,True,False,True,,,,-5.12820512820513,37000,,,1.73076923076923,675,False,False,18.4,,,,False,False,,,5.3,5.3,,,20,,,,4,2,,2.0,,,,,,False,,,,,True,True,True,False,,,,,,,True,,,,,,,,,,,,,,,,,,,
MDT.N,False,False,False,True,False,True,False,True,False,,95000,,False,True,True,True,True,True,True,True,True,True,True,True,False,True,79.0,139.178724781119,10508000000,0.0,100378,9.0,17.0,0.0,,False,False,51.0,52.0,43.0,100,True,True,,,1.1,1.1,,1.1,221,,221,,0,,,0.7,,0.7,,,,True,32.0,3212096.0,52000000,547.368421052632,True,True,True,False,,,,,,,True,,99.0,14.0,3.0,,,40.0,,,,,,28.0,,,,,,100.0
DPZ.OQ,,,,,,,,,,,,,,,,,,,,,,,,,,,,,,,,,,,,,,,,,,,,,,,,,,,,,,,,,,,,,,,,,,,,,,,,,,,,,,,,,,,,,,,,,,,,,,,,,
MMM.N,True,True,False,True,True,True,True,True,False,,61500,,True,True,True,True,True,True,True,True,True,True,True,True,False,True,,,,-27.6470588235294,61500,25.0,14.9,0.0,,True,False,,,,85,True,True,,,5.2,5.2,,,640,,,,0,0,,2.055,,,,,,False,,,,,False,True,True,False,,,,,,,True,,100.0,,,,,,,,,,,,,,,,,100.0
CZR.OQ,,,,,,,,,,,,,,,,,,,,,,,,,,,,,,,,,,,,,,,,,,,,,,,,,,,,,,,,,,,,,,,,,,,,,,,,,,,,,,,,,,,,,,,,,,,,,,,,,
UBER.N,,,,,,,,,,,,,,,,,,,,,,,,,,,,,,,,,,,,,,,,,,,,,,,,,,,,,,,,,,,,,,,,,,,,,,,,,,,,,,,,,,,,,,,,,,,,,,,,,
INTU.OQ,False,False,False,False,False,True,True,False,False,,18800,,False,True,True,True,True,True,True,True,False,True,False,True,False,False,83.0,,,3.29670329670331,18800,,,9.89010989010989,1800,False,False,42.6,,,100,True,True,,,0.05319,0.05319,,0.05319,2,,2,,0,,,,,,,,,False,,,,,True,True,False,False,,,,,,,True,,100.0,,,,,60.3,34.7,6.3,9.4,39.7,9.9,,,,,,,100.0
OKE.N,,,,,,,,,,,,,,,,,,,,,,,,,,,,,,,,,,,,,,,,,,,,,,,,,,,,,,,,,,,,,,,,,,,,,,,,,,,,,,,,,,,,,,,,,,,,,,,,,
ADP.OQ,,,,,,,,,,,,,,,,,,,,,,,,,,,,,,,,,,,,,,,,,,,,,,,,,,,,,,,,,,,,,,,,,,,,,,,,,,,,,,,,,,,,,,,,,,,,,,,,,
EQIX.OQ,,,,,,,,,,,,,,,,,,,,,,,,,,,,,,,,,,,,,,,,,,,,,,,,,,,,,,,,,,,,,,,,,,,,,,,,,,,,,,,,,,,,,,,,,,,,,,,,,
CHD.N,True,False,True,True,False,True,False,True,False,,5750,,False,True,True,True,True,True,True,True,False,True,True,True,False,False,,,,3.60360360360361,5754,,15.15,0.0,,False,False,,,,,True,False,,,6.1,,,6.1,,,70,,,,,,,3.35,,,,True,,,,,True,True,True,False,,,,,,,True,,,8.16,6.99,,,,,,,,,,,,,,,
MTD.N,False,False,False,True,False,True,True,True,True,6.81818,16000,1300,True,True,True,True,True,True,True,True,True,True,True,True,False,True,,,,0.0,17600,54.54545,12.03438,0.0,,False,False,36.0,,29.0,,True,False,,,5.5,5.5,,5.5,194,,194,,0,,0.0005676,3.5,,3.5,2270.4,2270.4,,False,13.4,235840.0,,,False,True,True,True,1,1,,,,,False,,,6.5,5.53438,,,,,,,,,,,,,,,
KDP.OQ,,,,,,,,,,,,,,,,,,,,,,,,,,,,,,,,,,,,,,,,,,,,,,,,,,,,,,,,,,,,,,,,,,,,,,,,,,,,,,,,,,,,,,,,,,,,,,,,,
EBAY.OQ,,,,,,,,,,,,,,,,,,,,,,,,,,,,,,,,,,,,,,,,,,,,,,,,,,,,,,,,,,,,,,,,,,,,,,,,,,,,,,,,,,,,,,,,,,,,,,,,,
PEG.N,,,,,,,,,,,,,,,,,,,,,,,,,,,,,,,,,,,,,,,,,,,,,,,,,,,,,,,,,,,,,,,,,,,,,,,,,,,,,,,,,,,,,,,,,,,,,,,,,
BIIB.OQ,False,False,False,False,False,True,False,False,False,,7605,,False,True,True,False,True,True,True,True,True,True,True,False,False,True,65.0,,,0.462351387054172,7604,9.0,15.0,0.0,,False,False,52.5,,,100,True,True,,,1.45,1.45,,,22,,,,1,0,,0.6,,,,,,False,,,,,True,True,False,False,,,,,,,True,,95.1,9.6,5.4,,,44.4,17.7,11.2,3.7,55.6,11.8,39.9,19.4,5.5,3.7,60.1,11.3,
CTSH.OQ,,,,,,,,,,,,,,,,,,,,,,,,,,,,,,,,,,,,,,,,,,,,,,,,,,,,,,,,,,,,,,,,,,,,,,,,,,,,,,,,,,,,,,,,,,,,,,,,,
ALB.N,,,,,,,,,,,,,,,,,,,,,,,,,,,,,,,,,,,,,,,,,,,,,,,,,,,,,,,,,,,,,,,,,,,,,,,,,,,,,,,,,,,,,,,,,,,,,,,,,
TRGP.N,,,,,,,,,,,,,,,,,,,,,,,,,,,,,,,,,,,,,,,,,,,,,,,,,,,,,,,,,,,,,,,,,,,,,,,,,,,,,,,,,,,,,,,,,,,,,,,,,
EXE.OQ,,,,,,,,,,,,,,,,,,,,,,,,,,,,,,,,,,,,,,,,,,,,,,,,,,,,,,,,,,,,,,,,,,,,,,,,,,,,,,,,,,,,,,,,,,,,,,,,,
NCLH.N,,,,,,,,,,,,,,,,,,,,,,,,,,,,,,,,,,,,,,,,,,,,,,,,,,,,,,,,,,,,,,,,,,,,,,,,,,,,,,,,,,,,,,,,,,,,,,,,,
PLTR.OQ,,,,,,,,,,,,,,,,,,,,,,,,,,,,,,,,,,,,,,,,,,,,,,,,,,,,,,,,,,,,,,,,,,,,,,,,,,,,,,,,,,,,,,,,,,,,,,,,,
UDR.N,,,,,,,,,,,,,,,,,,,,,,,,,,,,,,,,,,,,,,,,,,,,,,,,,,,,,,,,,,,,,,,,,,,,,,,,,,,,,,,,,,,,,,,,,,,,,,,,,
DGX.N,,,,,,,,,,,,,,,,,,,,,,,,,,,,,,,,,,,,,,,,,,,,,,,,,,,,,,,,,,,,,,,,,,,,,,,,,,,,,,,,,,,,,,,,,,,,,,,,,
CBOE.Z,,,,,,,,,,,,,,,,,,,,,,,,,,,,,,,,,,,,,,,,,,,,,,,,,,,,,,,,,,,,,,,,,,,,,,,,,,,,,,,,,,,,,,,,,,,,,,,,,
HIG.N,,,,,,,,,,,,,,,,,,,,,,,,,,,,,,,,,,,,,,,,,,,,,,,,,,,,,,,,,,,,,,,,,,,,,,,,,,,,,,,,,,,,,,,,,,,,,,,,,
ACGL.OQ,False,False,False,False,False,True,False,False,False,,7200,,False,True,True,True,True,True,True,True,False,True,True,False,False,False,,,,12.5,,,,0.0,,False,False,48.0,,38.0,,True,True,,,,,,,,,,,,,,,,,,,,False,1.66667,12000.0,,,False,True,False,False,,,,,,,True,,,,,,,,,,,,,,,,,,,
NDSN.OQ,,,,,,,,,,,,,,,,,,,,,,,,,,,,,,,,,,,,,,,,,,,,,,,,,,,,,,,,,,,,,,,,,,,,,,,,,,,,,,,,,,,,,,,,,,,,,,,,,
VRSK.OQ,,,,,,,,,,,,,,,,,,,,,,,,,,,,,,,,,,,,,,,,,,,,,,,,,,,,,,,,,,,,,,,,,,,,,,,,,,,,,,,,,,,,,,,,,,,,,,,,,
GEV.N,,,,,,,,,,,,,,,,,,,,,,,,,,,,,,,,,,,,,,,,,,,,,,,,,,,,,,,,,,,,,,,,,,,,,,,,,,,,,,,,,,,,,,,,,,,,,,,,,
AMT.N,,,,,,,,,,,,,,,,,,,,,,,,,,,,,,,,,,,,,,,,,,,,,,,,,,,,,,,,,,,,,,,,,,,,,,,,,,,,,,,,,,,,,,,,,,,,,,,,,
KMB.OQ,,,,,,,,,,,,,,,,,,,,,,,,,,,,,,,,,,,,,,,,,,,,,,,,,,,,,,,,,,,,,,,,,,,,,,,,,,,,,,,,,,,,,,,,,,,,,,,,,
PYPL.OQ,False,False,False,False,False,True,False,False,False,,24400,,False,True,True,True,True,True,True,True,False,True,False,False,False,True,76.0,,,-10.2941176470588,24400,,,0.314814814814815,85,True,False,42.6,,,100,True,True,1.6,,,,,,,,,,,,,,,,,,,False,33.5,800000.0,,,True,True,True,False,,,,,,,True,,100.0,10.0,,,,58.3,40.1,5.4,7.0,41.7,5.8,,,,,,,100.0
CAG.N,,,,,,,,,,,,,,,,,,,,,,,,,,,,,,,,,,,,,,,,,,,,,,,,,,,,,,,,,,,,,,,,,,,,,,,,,,,,,,,,,,,,,,,,,,,,,,,,,
UHS.N,,,,,,,,,,,,,,,,,,,,,,,,,,,,,,,,,,,,,,,,,,,,,,,,,,,,,,,,,,,,,,,,,,,,,,,,,,,,,,,,,,,,,,,,,,,,,,,,,
SYF.N,,,,,,,,,,,,,,,,,,,,,,,,,,,,,,,,,,,,,,,,,,,,,,,,,,,,,,,,,,,,,,,,,,,,,,,,,,,,,,,,,,,,,,,,,,,,,,,,,
WAT.N,,,,,,,,,,,,,,,,,,,,,,,,,,,,,,,,,,,,,,,,,,,,,,,,,,,,,,,,,,,,,,,,,,,,,,,,,,,,,,,,,,,,,,,,,,,,,,,,,
INCY.OQ,,,,,,,,,,,,,,,,,,,,,,,,,,,,,,,,,,,,,,,,,,,,,,,,,,,,,,,,,,,,,,,,,,,,,,,,,,,,,,,,,,,,,,,,,,,,,,,,,
LRCX.OQ,,,,,,,,,,,,,,,,,,,,,,,,,,,,,,,,,,,,,,,,,,,,,,,,,,,,,,,,,,,,,,,,,,,,,,,,,,,,,,,,,,,,,,,,,,,,,,,,,
IDXX.OQ,,,,,,,,,,,,,,,,,,,,,,,,,,,,,,,,,,,,,,,,,,,,,,,,,,,,,,,,,,,,,,,,,,,,,,,,,,,,,,,,,,,,,,,,,,,,,,,,,
PPG.N,,,,,,,,,,,,,,,,,,,,,,,,,,,,,,,,,,,,,,,,,,,,,,,,,,,,,,,,,,,,,,,,,,,,,,,,,,,,,,,,,,,,,,,,,,,,,,,,,
LKQ.OQ,,,,,,,,,,,,,,,,,,,,,,,,,,,,,,,,,,,,,,,,,,,,,,,,,,,,,,,,,,,,,,,,,,,,,,,,,,,,,,,,,,,,,,,,,,,,,,,,,
BG.N,,,,,,,,,,,,,,,,,,,,,,,,,,,,,,,,,,,,,,,,,,,,,,,,,,,,,,,,,,,,,,,,,,,,,,,,,,,,,,,,,,,,,,,,,,,,,,,,,
EOG.N,,,,,,,,,,,,,,,,,,,,,,,,,,,,,,,,,,,,,,,,,,,,,,,,,,,,,,,,,,,,,,,,,,,,,,,,,,,,,,,,,,,,,,,,,,,,,,,,,
MAR.OQ,,,,,,,,,,,,,,,,,,,,,,,,,,,,,,,,,,,,,,,,,,,,,,,,,,,,,,,,,,,,,,,,,,,,,,,,,,,,,,,,,,,,,,,,,,,,,,,,,
TJX.N,False,False,False,True,False,True,False,False,True,,329000,,False,True,True,True,True,True,True,True,False,True,True,True,True,False,,,,-3.23529411764706,329000,,,0.0,,False,False,78.0,,68.0,45,True,True,,,,,,,,,,,,,,,,,,,,False,,,,,True,True,True,False,,,,,,,True,,,,,,,60.0,7.0,17.0,32.0,40.0,4.0,36.0,,,,,,100.0
MNST.OQ,,,,,,,,,,,,,,,,,,,,,,,,,,,,,,,,,,,,,,,,,,,,,,,,,,,,,,,,,,,,,,,,,,,,,,,,,,,,,,,,,,,,,,,,,,,,,,,,,
VMC.N,,,,,,,,,,,,,,,,,,,,,,,,,,,,,,,,,,,,,,,,,,,,,,,,,,,,,,,,,,,,,,,,,,,,,,,,,,,,,,,,,,,,,,,,,,,,,,,,,
EW.N,False,True,False,True,False,True,False,False,True,,15800,,True,True,True,True,True,True,True,True,False,True,True,False,False,True,,,,-20.2020202020202,15770,,,0.0,,False,False,59.0,,30.0,,True,True,0.4,,1.55,1.55,,,49,,,,0,0,,0.6,,,,,,False,,,,,False,True,False,False,,,,,,,True,,,,,100.0,,61.0,35.1,2.9,16.9,39.0,6.1,,,,,,,
ALL.N,,,,,,,,,,,,,,,,,,,,,,,,,,,,,,,,,,,,,,,,,,,,,,,,,,,,,,,,,,,,,,,,,,,,,,,,,,,,,,,,,,,,,,,,,,,,,,,,,
BMY.N,,,,,,,,,,,,,,,,,,,,,,,,,,,,,,,,,,,,,,,,,,,,,,,,,,,,,,,,,,,,,,,,,,,,,,,,,,,,,,,,,,,,,,,,,,,,,,,,,
VST.N,,,,,,,,,,,,,,,,,,,,,,,,,,,,,,,,,,,,,,,,,,,,,,,,,,,,,,,,,,,,,,,,,,,,,,,,,,,,,,,,,,,,,,,,,,,,,,,,,
APH.N,,,,,,,,,,,,,,,,,,,,,,,,,,,,,,,,,,,,,,,,,,,,,,,,,,,,,,,,,,,,,,,,,,,,,,,,,,,,,,,,,,,,,,,,,,,,,,,,,
HON.OQ,,,,,,,,,,,,,,,,,,,,,,,,,,,,,,,,,,,,,,,,,,,,,,,,,,,,,,,,,,,,,,,,,,,,,,,,,,,,,,,,,,,,,,,,,,,,,,,,,
GPC.N,,,,,,,,,,,,,,,,,,,,,,,,,,,,,,,,,,,,,,,,,,,,,,,,,,,,,,,,,,,,,,,,,,,,,,,,,,,,,,,,,,,,,,,,,,,,,,,,,
MHK.N,,,,,,,,,,,,,,,,,,,,,,,,,,,,,,,,,,,,,,,,,,,,,,,,,,,,,,,,,,,,,,,,,,,,,,,,,,,,,,,,,,,,,,,,,,,,,,,,,
MCHP.OQ,False,False,False,False,False,True,False,True,False,,22600,,False,True,True,True,True,True,True,True,False,True,True,True,False,True,,,,7.61904761904761,22070,0.0,,0.0,,False,False,40.0,,24.0,,False,False,,,,,,,,,,,0,,,,,,,,,False,4.944,109124.0,,,True,True,True,False,,,,,,,False,,,,,3.84615,,47.0,25.0,3.0,11.0,53.0,8.0,,,,,,,
CAT.N,False,False,True,True,False,True,False,False,False,,112900,,True,True,True,True,True,True,True,True,False,True,True,False,False,True,,,,-0.265017667844525,112900,39.0,,0.0,,False,False,24.0,,29.0,,False,False,,,2.15,2.15,,,,,,,1,1,,0.85,,,,,,False,,,,,False,True,False,False,,1,,,,,True,,99.0,,,,,34.0,8.0,13.0,11.0,66.0,2.0,27.0,12.0,5.0,9.0,73.0,1.0,
PG.N,,,,,,,,,,,,,,,,,,,,,,,,,,,,,,,,,,,,,,,,,,,,,,,,,,,,,,,,,,,,,,,,,,,,,,,,,,,,,,,,,,,,,,,,,,,,,,,,,
ZTS.N,,,,,,,,,,,,,,,,,,,,,,,,,,,,,,,,,,,,,,,,,,,,,,,,,,,,,,,,,,,,,,,,,,,,,,,,,,,,,,,,,,,,,,,,,,,,,,,,,
STE.N,True,True,True,True,False,True,True,True,False,,17000,,False,True,True,False,True,True,True,True,False,True,True,False,False,True,74.0,,,3.51966873706004,,,15.0,0.0,,False,False,34.78,,28.66795,,False,False,,,5.25,5.25,,5.25,180,,180,,,,,1.8,,1.8,,,,False,,,,,False,False,False,False,,,,,,,False,,,,,7.14,,,,,,,,,,,,,,
TPL.N,,,,,,,,,,,,,,,,,,,,,,,,,,,,,,,,,,,,,,,,,,,,,,,,,,,,,,,,,,,,,,,,,,,,,,,,,,,,,,,,,,,,,,,,,,,,,,,,,
BKR.OQ,True,False,False,True,True,True,False,True,False,5.801,57000,,False,True,True,True,True,True,True,True,False,True,True,False,True,True,,,,-1.72413793103449,57349,28.4,11.8,0.0,,False,True,19.9,25.97962,19.9,,True,True,,,1.25,1.25,,,,,,0.20053,0,0,6.596491228e-06,0.6,,,94.0,,,False,22.6,1296087.4,,,True,True,True,True,1,,,,,,True,,,6.0,5.8,,,39.0,,,,,,33.6,,,,,,
AFL.N,,,,,,,,,,,,,,,,,,,,,,,,,,,,,,,,,,,,,,,,,,,,,,,,,,,,,,,,,,,,,,,,,,,,,,,,,,,,,,,,,,,,,,,,,,,,,,,,,
PTC.OQ,,,,,,,,,,,,,,,,,,,,,,,,,,,,,,,,,,,,,,,,,,,,,,,,,,,,,,,,,,,,,,,,,,,,,,,,,,,,,,,,,,,,,,,,,,,,,,,,,
FITB.OQ,,,,,,,,,,,,,,,,,,,,,,,,,,,,,,,,,,,,,,,,,,,,,,,,,,,,,,,,,,,,,,,,,,,,,,,,,,,,,,,,,,,,,,,,,,,,,,,,,
MSI.N,,,,,,,,,,,,,,,,,,,,,,,,,,,,,,,,,,,,,,,,,,,,,,,,,,,,,,,,,,,,,,,,,,,,,,,,,,,,,,,,,,,,,,,,,,,,,,,,,
XEL.OQ,,,,,,,,,,,,,,,,,,,,,,,,,,,,,,,,,,,,,,,,,,,,,,,,,,,,,,,,,,,,,,,,,,,,,,,,,,,,,,,,,,,,,,,,,,,,,,,,,
HSIC.OQ,,,,,,,,,,,,,,,,,,,,,,,,,,,,,,,,,,,,,,,,,,,,,,,,,,,,,,,,,,,,,,,,,,,,,,,,,,,,,,,,,,,,,,,,,,,,,,,,,
ITW.N,,,,,,,,,,,,,,,,,,,,,,,,,,,,,,,,,,,,,,,,,,,,,,,,,,,,,,,,,,,,,,,,,,,,,,,,,,,,,,,,,,,,,,,,,,,,,,,,,
WST.N,,,,,,,,,,,,,,,,,,,,,,,,,,,,,,,,,,,,,,,,,,,,,,,,,,,,,,,,,,,,,,,,,,,,,,,,,,,,,,,,,,,,,,,,,,,,,,,,,
DASH.OQ,,,,,,,,,,,,,,,,,,,,,,,,,,,,,,,,,,,,,,,,,,,,,,,,,,,,,,,,,,,,,,,,,,,,,,,,,,,,,,,,,,,,,,,,,,,,,,,,,
APTV.N,,,,,,,,,,,,,,,,,,,,,,,,,,,,,,,,,,,,,,,,,,,,,,,,,,,,,,,,,,,,,,,,,,,,,,,,,,,,,,,,,,,,,,,,,,,,,,,,,
MPC.N,,,,,,,,,,,,,,,,,,,,,,,,,,,,,,,,,,,,,,,,,,,,,,,,,,,,,,,,,,,,,,,,,,,,,,,,,,,,,,,,,,,,,,,,,,,,,,,,,
PGR.N,,,,,,,,,,,,,,,,,,,,,,,,,,,,,,,,,,,,,,,,,,,,,,,,,,,,,,,,,,,,,,,,,,,,,,,,,,,,,,,,,,,,,,,,,,,,,,,,,
ICE.N,,,,,,,,,,,,,,,,,,,,,,,,,,,,,,,,,,,,,,,,,,,,,,,,,,,,,,,,,,,,,,,,,,,,,,,,,,,,,,,,,,,,,,,,,,,,,,,,,
SWKS.OQ,True,True,False,True,False,True,False,True,False,,10100,,False,True,True,True,True,True,True,True,False,True,True,False,False,True,,,,3.5897435897436,10110,43.62018,,0.0,,False,False,,,,,False,True,,,1.0,1.0,,1.0,20,,20,,,,,0.5,,0.5,,,,False,,,,,True,True,True,False,,,,,,,True,,,,,,,,,,,,,,,,,,,
ABNB.OQ,,,,,,,,,,,,,,,,,,,,,,,,,,,,,,,,,,,,,,,,,,,,,,,,,,,,,,,,,,,,,,,,,,,,,,,,,,,,,,,,,,,,,,,,,,,,,,,,,
EL.N,True,True,True,True,False,True,True,True,True,17.04918,62000,,False,True,True,True,True,True,True,True,True,True,True,True,False,True,,,,0.0,61000,,21.3,0.0,,False,False,80.8,,78.5,100,True,True,,,1.1,1.1,,1.1,107,,107,,0,,,0.65,,0.65,,,,True,,,,,True,True,True,False,,,,,,,True,,,17.4,3.9,,,51.0,15.1,12.6,18.6,49.0,4.7,41.2,17.0,8.3,13.1,58.8,2.8,
TSLA.OQ,,,,,,,,,,,,,,,,,,,,,,,,,,,,,,,,,,,,,,,,,,,,,,,,,,,,,,,,,,,,,,,,,,,,,,,,,,,,,,,,,,,,,,,,,,,,,,,,,
EXR.N,,,,,,,,,,,,,,,,,,,,,,,,,,,,,,,,,,,,,,,,,,,,,,,,,,,,,,,,,,,,,,,,,,,,,,,,,,,,,,,,,,,,,,,,,,,,,,,,,
SPGI.N,,,,,,,,,,,,,,,,,,,,,,,,,,,,,,,,,,,,,,,,,,,,,,,,,,,,,,,,,,,,,,,,,,,,,,,,,,,,,,,,,,,,,,,,,,,,,,,,,
KKR.N,,,,,,,,,,,,,,,,,,,,,,,,,,,,,,,,,,,,,,,,,,,,,,,,,,,,,,,,,,,,,,,,,,,,,,,,,,,,,,,,,,,,,,,,,,,,,,,,,
ADBE.OQ,,,,,,,,,,,,,,,,,,,,,,,,,,,,,,,,,,,,,,,,,,,,,,,,,,,,,,,,,,,,,,,,,,,,,,,,,,,,,,,,,,,,,,,,,,,,,,,,,
ADSK.OQ,False,False,False,False,False,True,False,False,False,,13700,,False,True,True,True,True,True,True,True,False,True,True,False,False,False,82.0,,,8.73015873015872,13400,0.0,12.4,0.0,,False,False,35.4,36.2,34.4,100,True,True,,,0.0,0.0,,0.0,0,,0,0.0,0,,,0.0,,0.0,0.0,0.0,,False,,,15879000,1159.05109489051,False,True,False,False,,,,,,,True,,,9.7,2.7,,,38.8,24.7,3.5,7.3,61.2,3.3,29.4,21.4,2.2,3.4,70.6,2.4,
FOXA.OQ,False,False,False,False,False,False,False,False,False,,10200,,True,True,True,False,True,True,True,True,False,True,True,False,False,False,,,,-1.92307692307693,10000,,,0.0,,True,False,,,,95,True,True,,,,,,,,,,,,,,,,,,,,False,,,,,True,True,False,True,,1,,1,1,1,True,,,,,,,36.93,10.23,10.16,12.98,63.07,3.56,33.78,12.7,6.37,11.28,66.22,3.43,
TT.N,,,,,,,,,,,,,,,,,,,,,,,,,,,,,,,,,,,,,,,,,,,,,,,,,,,,,,,,,,,,,,,,,,,,,,,,,,,,,,,,,,,,,,,,,,,,,,,,,
TSN.N,,,,,,,,,,,,,,,,,,,,,,,,,,,,,,,,,,,,,,,,,,,,,,,,,,,,,,,,,,,,,,,,,,,,,,,,,,,,,,,,,,,,,,,,,,,,,,,,,
AKAM.OQ,,,,,,,,,,,,,,,,,,,,,,,,,,,,,,,,,,,,,,,,,,,,,,,,,,,,,,,,,,,,,,,,,,,,,,,,,,,,,,,,,,,,,,,,,,,,,,,,,
LUV.N,,,,,,,,,,,,,,,,,,,,,,,,,,,,,,,,,,,,,,,,,,,,,,,,,,,,,,,,,,,,,,,,,,,,,,,,,,,,,,,,,,,,,,,,,,,,,,,,,
INVH.N,,,,,,,,,,,,,,,,,,,,,,,,,,,,,,,,,,,,,,,,,,,,,,,,,,,,,,,,,,,,,,,,,,,,,,,,,,,,,,,,,,,,,,,,,,,,,,,,,
TSCO.OQ,,,,,,,,,,,,,,,,,,,,,,,,,,,,,,,,,,,,,,,,,,,,,,,,,,,,,,,,,,,,,,,,,,,,,,,,,,,,,,,,,,,,,,,,,,,,,,,,,
AON.N,False,False,False,False,False,False,False,False,False,,60000,,False,True,True,False,True,True,True,True,False,True,True,False,False,True,86.0,189.825345889171,,20.0,,,,0.0,,False,False,54.0,53.0,44.0,100,True,True,,,,,,,,,,,,,,,,,,,,False,2.38025,142815.0,,,False,True,False,False,,,,,,,True,,,,,,,25.0,,,,,,18.0,,,,,,
AMZN.OQ,,,,,,,,,,,,,,,,,,,,,,,,,,,,,,,,,,,,,,,,,,,,,,,,,,,,,,,,,,,,,,,,,,,,,,,,,,,,,,,,,,,,,,,,,,,,,,,,,
MS.N,,,,,,,,,,,,,,,,,,,,,,,,,,,,,,,,,,,,,,,,,,,,,,,,,,,,,,,,,,,,,,,,,,,,,,,,,,,,,,,,,,,,,,,,,,,,,,,,,
BRKb.N,False,False,False,False,False,False,False,False,False,,392400,,True,True,True,False,True,False,True,False,False,False,False,False,False,False,,,,-1.03404791929382,,20.0,,0.0,,False,False,32.0,,30.7,,False,False,,,,,,,,,,,,,,,,,,,,False,,,,,False,False,False,False,,,,,,,False,,,,,,,38.0,4.0,12.5,17.5,62.0,4.0,,,,,,,
GOOG.OQ,,,,,,,,,,,,,,,,,,,,,,,,,,,,,,,,,,,,,,,,,,,,,,,,,,,,,,,,,,,,,,,,,,,,,,,,,,,,,,,,,,,,,,,,,,,,,,,,,
KR.N,False,False,False,False,False,True,True,False,False,,430000,,True,True,True,True,True,True,True,True,False,True,True,False,False,True,56.0,,,2.38095238095237,418800,64.0,,0.0,,False,False,49.5702,,,85,True,False,,,16.7,,14.55,16.7,,,13988,,,,0.000105966139535,,,,,11391.36,,False,,,,,True,True,False,True,3,2,,,,,True,,,,,,,40.7,3.9,16.8,13.8,59.3,6.2,,,,,,,
BKNG.OQ,False,False,False,True,False,True,False,False,False,,24300,,False,True,True,True,True,True,True,True,False,False,True,False,False,False,,324.852492397138,,2.96610169491525,24300,0.0,,0.254237288135593,60,False,False,46.0,47.0,,95,True,False,,,,,,,,,,,,,,,,,,,,False,,,,,True,True,True,False,,,,,,,True,,,,,,,,,,,,,,,,,,,
STZ.N,,,,,,,,,,,,,,,,,,,,,,,,,,,,,,,,,,,,,,,,,,,,,,,,,,,,,,,,,,,,,,,,,,,,,,,,,,,,,,,,,,,,,,,,,,,,,,,,,
WBD.OQ,,,,,,,,,,,,,,,,,,,,,,,,,,,,,,,,,,,,,,,,,,,,,,,,,,,,,,,,,,,,,,,,,,,,,,,,,,,,,,,,,,,,,,,,,,,,,,,,,
ABBV.N,False,False,False,True,False,True,False,False,False,,55000,,False,True,True,True,True,True,True,True,False,True,True,True,False,True,,,,10.0,55000,25.0,8.0,0.0,,True,False,56.0,,54.0,,True,True,3.0,,0.65,0.65,,,72,,,,0,0,,0.2,,,,,,True,,,,,False,True,True,True,,,,1,,,True,,,6.0,2.0,43.0,,39.0,19.0,7.0,10.0,61.0,3.0,38.0,24.0,5.0,6.0,62.0,3.0,100.0
STLD.OQ,,,,,,,,,,,,,,,,,,,,,,,,,,,,,,,,,,,,,,,,,,,,,,,,,,,,,,,,,,,,,,,,,,,,,,,,,,,,,,,,,,,,,,,,,,,,,,,,,
MA.N,,,,,,,,,,,,,,,,,,,,,,,,,,,,,,,,,,,,,,,,,,,,,,,,,,,,,,,,,,,,,,,,,,,,,,,,,,,,,,,,,,,,,,,,,,,,,,,,,
XOM.N,False,False,False,False,False,True,True,False,True,,61000,,True,True,True,True,True,True,True,True,False,True,True,True,False,True,,,,-1.61290322580645,61000,,,0.645161290322581,400,False,True,28.0,33.0,,75,True,False,,,0.85,0.85,1.0,0.65,,,79,,0,1,,0.1,0.1,0.15,,,,False,,,51000000,836.065573770492,False,True,True,False,,,1,,,,False,,,,,,,,,,,,,,,,,,,
SWK.N,,,,,,,,,,,,,,,,,,,,,,,,,,,,,,,,,,,,,,,,,,,,,,,,,,,,,,,,,,,,,,,,,,,,,,,,,,,,,,,,,,,,,,,,,,,,,,,,,
FICO.N,,,,,,,,,,,,,,,,,,,,,,,,,,,,,,,,,,,,,,,,,,,,,,,,,,,,,,,,,,,,,,,,,,,,,,,,,,,,,,,,,,,,,,,,,,,,,,,,,
HRL.N,,,,,,,,,,,,,,,,,,,,,,,,,,,,,,,,,,,,,,,,,,,,,,,,,,,,,,,,,,,,,,,,,,,,,,,,,,,,,,,,,,,,,,,,,,,,,,,,,
INTC.OQ,,,,,,,,,,,,,,,,,,,,,,,,,,,,,,,,,,,,,,,,,,,,,,,,,,,,,,,,,,,,,,,,,,,,,,,,,,,,,,,,,,,,,,,,,,,,,,,,,
TRMB.OQ,,,,,,,,,,,,,,,,,,,,,,,,,,,,,,,,,,,,,,,,,,,,,,,,,,,,,,,,,,,,,,,,,,,,,,,,,,,,,,,,,,,,,,,,,,,,,,,,,
WBA.OQ,False,True,False,True,True,True,True,True,False,2.0,193000,119000,True,True,True,True,True,True,True,True,True,True,True,False,False,True,,,,-6.31067961165048,312000,6.7,43.0,0.0,,True,True,71.0,67.50844,63.0,100,True,True,,,,,,,,,,,,,,,,,,,,True,,,,,True,True,True,False,,,,,,,True,,99.53,35.0,8.0,,,52.0,,,,46.0,54.0,43.0,,,,57.0,43.0,
OMC.N,,,,,,,,,,,,,,,,,,,,,,,,,,,,,,,,,,,,,,,,,,,,,,,,,,,,,,,,,,,,,,,,,,,,,,,,,,,,,,,,,,,,,,,,,,,,,,,,,
GLW.N,,,,,,,,,,,,,,,,,,,,,,,,,,,,,,,,,,,,,,,,,,,,,,,,,,,,,,,,,,,,,,,,,,,,,,,,,,,,,,,,,,,,,,,,,,,,,,,,,
CRM.N,False,False,False,True,False,False,False,False,False,,79390,,True,True,True,True,True,True,True,True,True,False,True,True,True,True,86.0,,,7.95338654628031,79390,0.0,,0.0,,True,False,36.4,,29.5,100,False,True,,,,,,,,,,,,,,,,,,,,False,,,,,True,True,True,False,,,,,,,True,,,,,,,41.4,26.9,5.2,5.7,58.6,3.6,28.4,19.6,3.8,2.9,71.6,2.1,
SBUX.OQ,,,,,,,,,,,,,,,,,,,,,,,,,,,,,,,,,,,,,,,,,,,,,,,,,,,,,,,,,,,,,,,,,,,,,,,,,,,,,,,,,,,,,,,,,,,,,,,,,
ATO.N,,,,,,,,,,,,,,,,,,,,,,,,,,,,,,,,,,,,,,,,,,,,,,,,,,,,,,,,,,,,,,,,,,,,,,,,,,,,,,,,,,,,,,,,,,,,,,,,,
ETR.N,,,,,,,,,,,,,,,,,,,,,,,,,,,,,,,,,,,,,,,,,,,,,,,,,,,,,,,,,,,,,,,,,,,,,,,,,,,,,,,,,,,,,,,,,,,,,,,,,
HAL.N,,,,,,,,,,,,,,,,,,,,,,,,,,,,,,,,,,,,,,,,,,,,,,,,,,,,,,,,,,,,,,,,,,,,,,,,,,,,,,,,,,,,,,,,,,,,,,,,,
TFC.N,False,False,False,False,False,True,False,False,False,,36769,1566,True,True,True,True,True,True,True,True,False,True,True,False,False,True,,85.871560773901,,-25.0178436690662,38151,0.0,42.4102,0.0,,False,False,62.7,,53.9,100,True,True,,,,,,,,,,,,,,,,,,,,False,20.0,1083362.0,,,True,True,False,False,,,,,,,True,,,,,,,43.9,7.8,21.1,11.9,56.1,3.1,,,,,,,
TAP.N,,,,,,,,,,,,,,,,,,,,,,,,,,,,,,,,,,,,,,,,,,,,,,,,,,,,,,,,,,,,,,,,,,,,,,,,,,,,,,,,,,,,,,,,,,,,,,,,,
ABT.N,,,,,,,,,,,,,,,,,,,,,,,,,,,,,,,,,,,,,,,,,,,,,,,,,,,,,,,,,,,,,,,,,,,,,,,,,,,,,,,,,,,,,,,,,,,,,,,,,
V.N,,,,,,,,,,,,,,,,,,,,,,,,,,,,,,,,,,,,,,,,,,,,,,,,,,,,,,,,,,,,,,,,,,,,,,,,,,,,,,,,,,,,,,,,,,,,,,,,,
YUM.N,,,,,,,,,,,,,,,,,,,,,,,,,,,,,,,,,,,,,,,,,,,,,,,,,,,,,,,,,,,,,,,,,,,,,,,,,,,,,,,,,,,,,,,,,,,,,,,,,
LYV.N,,,,,,,,,,,,,,,,,,,,,,,,,,,,,,,,,,,,,,,,,,,,,,,,,,,,,,,,,,,,,,,,,,,,,,,,,,,,,,,,,,,,,,,,,,,,,,,,,
CPB.OQ,True,False,True,True,False,True,True,True,False,38.84,14400,,True,True,True,True,True,True,True,True,False,True,True,True,False,False,,,,-0.689655172413794,13737,12.0,,2.9466060778188,415,False,False,38.36,,41.18,55,True,True,,,6.5,6.5,,6.5,179,,179,,0,,,1.7,,1.7,,,,False,,,,,False,True,False,False,,,,,,,True,,,,,,,47.0,5.0,20.54,15.74,53.0,5.72,20.58,7.09,5.28,6.04,79.42,2.17,
EG.N,,,,,,,,,,,,,,,,,,,,,,,,,,,,,,,,,,,,,,,,,,,,,,,,,,,,,,,,,,,,,,,,,,,,,,,,,,,,,,,,,,,,,,,,,,,,,,,,,
FTNT.OQ,False,False,False,False,False,True,False,False,False,,14138,,False,True,True,True,True,True,True,True,False,False,True,True,False,False,,,,4.20106132075471,14138,,10.02671,0.0,,False,False,20.0,21.0,17.0,,False,False,,,,,,,,,,,,,,,,,,,,False,,,,,False,True,True,False,,,,,,,True,,,,,,,51.5,37.2,2.7,9.4,48.5,2.2,,,,,,,
DTE.N,,,,,,,,,,,,,,,,,,,,,,,,,,,,,,,,,,,,,,,,,,,,,,,,,,,,,,,,,,,,,,,,,,,,,,,,,,,,,,,,,,,,,,,,,,,,,,,,,
HST.OQ,,,,,,,,,,,,,,,,,,,,,,,,,,,,,,,,,,,,,,,,,,,,,,,,,,,,,,,,,,,,,,,,,,,,,,,,,,,,,,,,,,,,,,,,,,,,,,,,,
IRM.N,False,False,False,False,False,True,False,False,False,3.50973,28850,,False,True,True,True,True,True,True,True,True,True,True,False,False,True,72.0,503.338607196875,,6.85185185185184,29290,6.2,29.5,0.0,,False,False,39.6,43.82728,31.65705,,True,False,,,4.0,4.0,,4.0,234,,234,,,,,2.5,,2.5,,,,False,2.26,63818.0,,,True,True,False,False,,,,,,,True,,,17.5,12.1,,,57.4,6.2,26.4,21.9,42.6,2.9,39.4,5.2,13.9,17.3,60.6,3.0,
DOC.N,,,,,,,,,,,,,,,,,,,,,,,,,,,,,,,,,,,,,,,,,,,,,,,,,,,,,,,,,,,,,,,,,,,,,,,,,,,,,,,,,,,,,,,,,,,,,,,,,
FIS.N,,,,,,,,,,,,,,,,,,,,,,,,,,,,,,,,,,,,,,,,,,,,,,,,,,,,,,,,,,,,,,,,,,,,,,,,,,,,,,,,,,,,,,,,,,,,,,,,,
DAL.N,,,,,,,,,,,,,,,,,,,,,,,,,,,,,,,,,,,,,,,,,,,,,,,,,,,,,,,,,,,,,,,,,,,,,,,,,,,,,,,,,,,,,,,,,,,,,,,,,
ROK.N,False,False,True,True,False,True,True,False,False,,27000,,False,True,True,True,True,True,True,True,False,True,True,True,False,True,,,,-6.89655172413793,27000,,,3.10344827586207,900,False,False,33.0,,27.0,100,True,False,,,1.35,1.35,,1.35,73,,73,,0,,,,,,,,,False,,,,,False,True,True,False,,,,,,,True,,,,,,,30.0,10.0,7.0,6.0,70.0,7.0,26.0,8.0,6.0,6.0,74.0,6.0,
DOW.N,,,,,,,,,,,,,,,,,,,,,,,,,,,,,,,,,,,,,,,,,,,,,,,,,,,,,,,,,,,,,,,,,,,,,,,,,,,,,,,,,,,,,,,,,,,,,,,,,
PPL.N,,,,,,,,,,,,,,,,,,,,,,,,,,,,,,,,,,,,,,,,,,,,,,,,,,,,,,,,,,,,,,,,,,,,,,,,,,,,,,,,,,,,,,,,,,,,,,,,,
NTRS.OQ,,,,,,,,,,,,,,,,,,,,,,,,,,,,,,,,,,,,,,,,,,,,,,,,,,,,,,,,,,,,,,,,,,,,,,,,,,,,,,,,,,,,,,,,,,,,,,,,,
ETN.N,,,,,,,,,,,,,,,,,,,,,,,,,,,,,,,,,,,,,,,,,,,,,,,,,,,,,,,,,,,,,,,,,,,,,,,,,,,,,,,,,,,,,,,,,,,,,,,,,
CVX.N,False,True,False,False,False,True,False,True,True,,45298,,True,True,True,True,True,True,True,True,False,True,True,False,False,True,,,,-0.662280701754381,39742,11.0,,0.0,,False,False,27.0,,24.0,100,False,True,,,1.2,1.2,1.35,0.85,,,68,,0,1,,0.25,0.24,0.28,,,,True,,,,,False,True,False,True,,,,1,,1,True,,,,,,,,,,,,,,,,,,,
CI.N,,,,,,,,,,,,,,,,,,,,,,,,,,,,,,,,,,,,,,,,,,,,,,,,,,,,,,,,,,,,,,,,,,,,,,,,,,,,,,,,,,,,,,,,,,,,,,,,,
ACN.N,False,False,False,True,False,True,False,False,True,,774000,,False,True,True,True,True,True,True,True,True,True,True,True,False,True,78.0,,,5.59345156889495,774000,,,0.0,,False,False,48.0,48.0,33.0,100,True,True,1.93798,,,,,,,,,,,,,,,,,,,True,61.0,47214000.0,1100000000,1421.18863049096,True,True,True,False,,,,,,,True,1,100.0,13.0,,,,22.1,,11.7,10.4,77.9,,,,,,,,100.0
CRWD.OQ,,,,,,,,,,,,,,,,,,,,,,,,,,,,,,,,,,,,,,,,,,,,,,,,,,,,,,,,,,,,,,,,,,,,,,,,,,,,,,,,,,,,,,,,,,,,,,,,,
PANW.OQ,,,,,,,,,,,,,,,,,,,,,,,,,,,,,,,,,,,,,,,,,,,,,,,,,,,,,,,,,,,,,,,,,,,,,,,,,,,,,,,,,,,,,,,,,,,,,,,,,
XYL.N,True,True,True,True,False,True,True,True,False,,23000,,False,True,True,True,True,True,True,True,True,True,True,True,True,True,,,,0.0,23132,,7.0,0.0,,False,False,26.0,,27.0,100,True,False,,,2.6,2.6,,2.6,120,,120,,0,,,1.7,,1.7,,,,False,16.4,379364.8,,,True,True,True,False,,,,,,,True,,,7.0,,12.0,,,,,,,,23.0,8.0,5.0,7.0,77.0,3.0,
HAS.OQ,,,,,,,,,,,,,,,,,,,,,,,,,,,,,,,,,,,,,,,,,,,,,,,,,,,,,,,,,,,,,,,,,,,,,,,,,,,,,,,,,,,,,,,,,,,,,,,,,
ENPH.OQ,,,,,,,,,,,,,,,,,,,,,,,,,,,,,,,,,,,,,,,,,,,,,,,,,,,,,,,,,,,,,,,,,,,,,,,,,,,,,,,,,,,,,,,,,,,,,,,,,
SO.N,,,,,,,,,,,,,,,,,,,,,,,,,,,,,,,,,,,,,,,,,,,,,,,,,,,,,,,,,,,,,,,,,,,,,,,,,,,,,,,,,,,,,,,,,,,,,,,,,
LII.N,,,,,,,,,,,,,,,,,,,,,,,,,,,,,,,,,,,,,,,,,,,,,,,,,,,,,,,,,,,,,,,,,,,,,,,,,,,,,,,,,,,,,,,,,,,,,,,,,
EQT.N,,,,,,,,,,,,,,,,,,,,,,,,,,,,,,,,,,,,,,,,,,,,,,,,,,,,,,,,,,,,,,,,,,,,,,,,,,,,,,,,,,,,,,,,,,,,,,,,,
NRG.N,,,,,,,,,,,,,,,,,,,,,,,,,,,,,,,,,,,,,,,,,,,,,,,,,,,,,,,,,,,,,,,,,,,,,,,,,,,,,,,,,,,,,,,,,,,,,,,,,
MKTX.OQ,False,False,False,False,False,True,False,False,False,1.10988,891,,False,True,True,True,True,True,True,True,True,False,False,False,False,False,,21.843529781964,,1.13507377979569,891,0.0,11.1,0.0,,False,False,28.4,,30.8,,True,True,,,,,,,,,,,,,,,,,,,,False,,,1336500,1500.0,True,True,False,False,,,,,,,True,,,7.7,3.4,,,47.8,33.9,4.3,8.0,52.2,1.6,15.4,15.4,0.0,0.0,84.6,0.0,
APO.N,,,,,,,,,,,,,,,,,,,,,,,,,,,,,,,,,,,,,,,,,,,,,,,,,,,,,,,,,,,,,,,,,,,,,,,,,,,,,,,,,,,,,,,,,,,,,,,,,
LMT.N,,,,,,,,,,,,,,,,,,,,,,,,,,,,,,,,,,,,,,,,,,,,,,,,,,,,,,,,,,,,,,,,,,,,,,,,,,,,,,,,,,,,,,,,,,,,,,,,,
DLR.N,,,,,,,,,,,,,,,,,,,,,,,,,,,,,,,,,,,,,,,,,,,,,,,,,,,,,,,,,,,,,,,,,,,,,,,,,,,,,,,,,,,,,,,,,,,,,,,,,
PSX.N,,,,,,,,,,,,,,,,,,,,,,,,,,,,,,,,,,,,,,,,,,,,,,,,,,,,,,,,,,,,,,,,,,,,,,,,,,,,,,,,,,,,,,,,,,,,,,,,,
SCHW.N,,,,,,,,,,,,,,,,,,,,,,,,,,,,,,,,,,,,,,,,,,,,,,,,,,,,,,,,,,,,,,,,,,,,,,,,,,,,,,,,,,,,,,,,,,,,,,,,,
SNPS.OQ,,,,,,,,,,,,,,,,,,,,,,,,,,,,,,,,,,,,,,,,,,,,,,,,,,,,,,,,,,,,,,,,,,,,,,,,,,,,,,,,,,,,,,,,,,,,,,,,,
J.N,,,,,,,,,,,,,,,,,,,,,,,,,,,,,,,,,,,,,,,,,,,,,,,,,,,,,,,,,,,,,,,,,,,,,,,,,,,,,,,,,,,,,,,,,,,,,,,,,
AVY.N,True,True,True,False,False,True,False,True,False,,35000,,False,True,True,True,True,True,True,True,True,True,True,False,False,True,85.0,,,0.0,34576,,19.0,0.0,,False,False,38.0,,38.0,100,True,False,,,1.05,1.05,,1.05,73,,73,,0,0,,0.5,,0.5,,,,False,,,,,False,True,False,False,,,,,,,True,,,8.0,11.0,13.0,,27.0,,,,,,23.0,,,,,,
